obj_label,sol_x_label,sol_y_label,parameters_label
275590.14586424164,"{'x_AB11:20_0': 24.368206521739133, 'x_AB11:20_f': 55.50535929951691, 'x_AB11:20_l': 27.07578502415459, 'x_AB12:40_0': 13.609496124031008, 'x_AB12:40_f': 42.38601959517657, 'x_AB12:40_l': 20.671312446167097, 'x_AB13:55_0': 20.66860465116279, 'x_AB13:55_f': 64.37122093023257, 'x_AB13:55_l': 31.393313953488377, 'x_AB12:55_0': 0.0, 'x_AB12:55_f': 0.0, 'x_AB12:55_l': 0.0}","{'y_AB11:20': 1.0, 'y_AB12:40': 1.0, 'y_AB13:55': 1.0}","pt = ['AB11:20', 'AB12:40', 'AB13:55', 'AB12:55']
 avg_price_f = [1464.07, 1467.29, 1477.78, 856.66]
 avg_price_l = [441.88, 505.8, 464.67, 279.25]
 avg_pax_f = [160.71, 87.36, 142.43, 131.43]
 avg_pax_l= [18.64, 25.0, 28.21, 20.29]
 value_f_list = [2.05, 2.803, 2.803, 2.803]
 ratio_f_list = [0.72, 0.72, 0.72, 0.72]
 value_l_list = [1, 1.367, 1.367, 1.367]
 ratio_l_list = [0.72, 0.72, 0.72, 0.72]
 value_0_list = [0.9, 0.9, 0.9, 0.9]
 ratio_0_list = [4.92, 4.92, 4.92, 4.92]
 option_num = 3
 capacity_consum = 1.2"
476779.6341322778,"{'x_CA14:15_0': 0.0, 'x_CA14:15_f': 0.0, 'x_CA14:15_l': 0.0, 'x_CA16:55_0': 43.40030217138856, 'x_CA16:55_f': 102.20771161362018, 'x_CA16:55_l': 0.0, 'x_CA18:30_0': 39.20552880370157, 'x_CA18:30_f': 102.1304025336426, 'x_CA18:30_l': 0.0, 'x_CA7:40_0': 45.790536641661866, 'x_CA7:40_f': 82.42296595499137, 'x_CA7:40_l': 0.0}","{'y_CA16:55': 1.0, 'y_CA18:30': 1.0, 'y_CA7:40': 1.0}","pt = ['CA14:15', 'CA16:55', 'CA18:30', 'CA7:40']
 avg_price_f = [1638.05, 1665.33, 1665.21, 1656.11]
 avg_price_l = [531.5, 493.28, 463.64, 476.24]
 avg_pax_f = [91.64, 149.29, 149.07, 141.71]
 avg_pax_l= [17.86, 24.5, 17.43, 17.0]
 value_f_list = [2.826, 2.826, 3.126, 2.16]
 ratio_f_list = [0.97, 0.97, 0.97, 0.97]
 value_l_list = [1.475, 1.475, 1.631, 1.127]
 ratio_l_list = [0.97, 0.97, 0.97, 0.97]
 value_0_list = [1.2, 1.2, 1.2, 1.2]
 ratio_0_list = [1.72, 1.72, 1.72, 1.72]
 option_num = 3
 capacity_consum = 1.2"
118065.41753252788,"{'x_CB7:40_0': 7.758222735141373, 'x_CB7:40_f': 13.964800923254472, 'x_CB7:40_l': 0.0, 'x_CB10:45_0': 43.85752016560782, 'x_CB10:45_f': 70.02584053108717, 'x_CB10:45_l': 0.0, 'x_CB14:15_0': 9.899234582391648, 'x_CB14:15_f': 23.312697441532336, 'x_CB14:15_l': 0.0, 'x_CB16:55_0': 0.0, 'x_CB16:55_f': 0.0, 'x_CB16:55_l': 0.0}","{'y_CB7:40': 1.0, 'y_CB10:45': 1.0, 'y_CB14:15': 1.0}","pt = ['CB7:40', 'CB10:45', 'CB14:15', 'CB16:55']
 avg_price_f = [1484.6, 886.96, 1510.9, 1583.0]
 avg_price_l = [450.8, 263.88, 496.51, 558.48]
 avg_pax_f = [22.79, 127.86, 33.71, 2.0]
 avg_pax_l= [4.1, 15.5, 5.93, 2.4]
 value_f_list = [2.16, 1.916, 2.826, 2.826]
 ratio_f_list = [0.97, 0.97, 0.97, 0.97]
 value_l_list = [1.127, 1, 1.475, 1.475]
 ratio_l_list = [0.97, 0.97, 0.97, 0.97]
 value_0_list = [1.2, 1.2, 1.2, 1.2]
 ratio_0_list = [1.72, 1.72, 1.72, 1.72]
 option_num = 3
 capacity_consum = 1.2"
91162.05147396072,"{'x_BC12:25_0': 0.0, 'x_BC12:25_f': 0.0, 'x_BC12:25_l': 0.0, 'x_BC14:25_0': 0.0, 'x_BC14:25_f': 0.0, 'x_BC14:25_l': 0.0, 'x_BC15:40_0': 0.0, 'x_BC15:40_f': 0.0, 'x_BC15:40_l': 0.0, 'x_BC11:20_0': 29.59429121231558, 'x_BC11:20_f': 27.581879409878127, 'x_BC11:20_l': 14.7971456061578, 'x_BC16:30_0': 16.936154882097117, 'x_BC16:30_f': 26.073210440988515, 'x_BC16:30_l': 13.98926393261222, 'x_BC19:05_0': 28.827234105984935, 'x_BC19:05_f': 34.75123071476484, 'x_BC19:05_l': 18.636806849519264}","{'y_BC11:20': 1.0, 'y_BC16:30': 1.0, 'y_BC19:05': 1.0}","pt = ['BC12:25', 'BC14:25', 'BC15:40', 'BC11:20', 'BC16:30', 'BC19:05']
 avg_price_f = [1520.65, 1521.05, 1544.13, 873.59, 907.06, 875.17]
 avg_price_l = [596.44, 821.73, 483.3, 269.24, 268.12, 282.71]
 avg_pax_f = [36.0, 9.4, 11.69, 133.14, 92.36, 137.14]
 avg_pax_l= [3.79, 1.67, 3.27, 14.5, 6.36, 17.57]
 value_f_list = [3.079, 3.079, 3.079, 1.864, 3.079, 2.411]
 ratio_f_list = [0.9, 0.9, 0.9, 0.9, 0.9, 0.9]
 value_l_list = [1.652, 1.652, 1.652, 1, 1.652, 1.293]
 ratio_l_list = [0.9, 0.9, 0.9, 0.9, 0.9, 0.9]
 value_0_list = [2.0, 2.0, 2.0, 2.0, 2.0, 2.0]
 ratio_0_list = [3.7, 3.7, 3.7, 3.7, 3.7, 3.7]
 option_num = 3
 capacity_consum = 1.2"
117631.27506370671,"{'x_BC12:25_0': 6.826272313195343, 'x_BC12:25_f': 10.50904622616423, 'x_BC12:25_l': 5.638500930699353, 'x_BC14:25_0': 0.0, 'x_BC14:25_f': 0.0, 'x_BC14:25_l': 0.0, 'x_BC15:40_0': 2.566499969977438, 'x_BC15:40_f': 3.951126703780266, 'x_BC15:40_l': 2.1199289752013635, 'x_BC11:20_0': 29.594291212315582, 'x_BC11:20_f': 27.581879409878116, 'x_BC11:20_l': 14.797145606157791, 'x_BC16:30_0': 16.936154882097117, 'x_BC16:30_f': 26.07321044098851, 'x_BC16:30_l': 13.989263932612218, 'x_BC19:05_0': 28.827234105984935, 'x_BC19:05_f': 34.75123071476484, 'x_BC19:05_l': 18.63680684951929}","{'y_BC12:25': 0.9999999999999998, 'y_BC15:40': 0.9999999999999992, 'y_BC11:20': 0.9999999999999999, 'y_BC16:30': 1.0, 'y_BC19:05': 1.000000000000001}","pt = ['BC12:25', 'BC14:25', 'BC15:40', 'BC11:20', 'BC16:30', 'BC19:05']
 avg_price_f = [1520.65, 1521.05, 1544.13, 873.59, 907.06, 875.17]
 avg_price_l = [596.44, 821.73, 483.3, 269.24, 268.12, 282.71]
 avg_pax_f = [36.0, 9.4, 11.69, 133.14, 92.36, 137.14]
 avg_pax_l= [3.79, 1.67, 3.27, 14.5, 6.36, 17.57]
 value_f_list = [3.079, 3.079, 3.079, 1.864, 3.079, 2.411]
 ratio_f_list = [0.9, 0.9, 0.9, 0.9, 0.9, 0.9]
 value_l_list = [1.652, 1.652, 1.652, 1, 1.652, 1.293]
 ratio_l_list = [0.9, 0.9, 0.9, 0.9, 0.9, 0.9]
 value_0_list = [2.0, 2.0, 2.0, 2.0, 2.0, 2.0]
 ratio_0_list = [3.7, 3.7, 3.7, 3.7, 3.7, 3.7]
 option_num = 5
 capacity_consum = 1.2"
110505.66011288368,"{'x_BC12:25_0': 6.826272313195343, 'x_BC12:25_f': 10.50904622616423, 'x_BC12:25_l': 5.638500930699353, 'x_BC14:25_0': 0.0, 'x_BC14:25_f': 0.0, 'x_BC14:25_l': 0.0, 'x_BC15:40_0': 0.0, 'x_BC15:40_f': 0.0, 'x_BC15:40_l': 0.0, 'x_BC11:20_0': 29.594291212315586, 'x_BC11:20_f': 27.581879409878127, 'x_BC11:20_l': 14.797145606157793, 'x_BC16:30_0': 16.936154882097117, 'x_BC16:30_f': 26.073210440988515, 'x_BC16:30_l': 13.98926393261222, 'x_BC19:05_0': 28.827234105984935, 'x_BC19:05_f': 34.75123071476484, 'x_BC19:05_l': 18.63680684951926}","{'y_BC12:25': 1.0, 'y_BC11:20': 1.0, 'y_BC16:30': 1.0, 'y_BC19:05': 1.0}","pt = ['BC12:25', 'BC14:25', 'BC15:40', 'BC11:20', 'BC16:30', 'BC19:05']
 avg_price_f = [1520.65, 1521.05, 1544.13, 873.59, 907.06, 875.17]
 avg_price_l = [596.44, 821.73, 483.3, 269.24, 268.12, 282.71]
 avg_pax_f = [36.0, 9.4, 11.69, 133.14, 92.36, 137.14]
 avg_pax_l= [3.79, 1.67, 3.27, 14.5, 6.36, 17.57]
 value_f_list = [3.079, 3.079, 3.079, 1.864, 3.079, 2.411]
 ratio_f_list = [0.9, 0.9, 0.9, 0.9, 0.9, 0.9]
 value_l_list = [1.652, 1.652, 1.652, 1, 1.652, 1.293]
 ratio_l_list = [0.9, 0.9, 0.9, 0.9, 0.9, 0.9]
 value_0_list = [2.0, 2.0, 2.0, 2.0, 2.0, 2.0]
 ratio_0_list = [3.7, 3.7, 3.7, 3.7, 3.7, 3.7]
 option_num = 4
 capacity_consum = 1.2"
390722.9547295195,"{'x_AB11:20_0': 24.368206521739143, 'x_AB11:20_f': 55.5053592995169, 'x_AB11:20_l': 27.075785024154587, 'x_AB12:40_0': 13.60949612403101, 'x_AB12:40_f': 42.386019595176535, 'x_AB12:40_l': 20.6713124461671, 'x_AB12:55_0': 0.0, 'x_AB12:55_f': 0.0, 'x_AB12:55_l': 0.0, 'x_AB13:55_0': 20.66860465116279, 'x_AB13:55_f': 64.37122093023257, 'x_AB13:55_l': 31.39331395348837, 'x_AB16:05_0': 0.0, 'x_AB16:05_f': 0.0, 'x_AB16:05_l': 0.0, 'x_AB17:05_0': 25.06143192226069, 'x_AB17:05_f': 78.05243742010747, 'x_AB17:05_l': 0.0, 'x_AB18:00_0': 0.0, 'x_AB18:00_f': 0.0, 'x_AB18:00_l': 0.0, 'x_AB19:10_0': 0.0, 'x_AB19:10_f': 0.0, 'x_AB19:10_l': 0.0}","{'y_AB11:20': 0.9999999999999994, 'y_AB12:40': 0.9999999999999996, 'y_AB13:55': 1.0000000000000004, 'y_AB17:05': 1.0}","pt = ['AB11:20', 'AB12:40', 'AB12:55', 'AB13:55', 'AB16:05', 'AB17:05', 'AB18:00', 'AB19:10']
 avg_price_f = [1464.07, 1467.29, 856.66, 1477.78, 852.25, 1475.07, 833.23, 1466.01]
 avg_price_l = [441.88, 505.8, 279.25, 464.67, 275.1, 461.18, 261.39, 433.96]
 avg_pax_f = [160.71, 87.36, 131.43, 142.43, 167.79, 152.36, 104.14, 122.71]
 avg_pax_l= [18.64, 25.0, 20.29, 28.21, 25.43, 27.14, 13.64, 19.07]
 value_f_list = [2.05, 2.803, 2.803, 2.803, 2.803, 2.803, 1.624, 1.624]
 ratio_f_list = [0.72, 0.72, 0.72, 0.72, 0.72, 0.72, 0.72, 0.72]
 value_l_list = [1, 1.367, 1.367, 1.367, 1.367, 1.367, 0.793, 0.793]
 ratio_l_list = [0.72, 0.72, 0.72, 0.72, 0.72, 0.72, 0.72, 0.72]
 value_0_list = [0.9, 0.9, 0.9, 0.9, 0.9, 0.9, 0.9, 0.9]
 ratio_0_list = [4.92, 4.92, 4.92, 4.92, 4.92, 4.92, 4.92, 4.92]
 option_num = 4
 capacity_consum = 1.2"
318074.8222024416,"{'x_AB11:20_0': 24.368206521739122, 'x_AB11:20_f': 55.505359299516904, 'x_AB11:20_l': 27.07578502415457, 'x_AB12:40_0': 0.0, 'x_AB12:40_f': 0.0, 'x_AB12:40_l': 0.0, 'x_AB12:55_0': 0.0, 'x_AB12:55_f': 0.0, 'x_AB12:55_l': 0.0, 'x_AB13:55_0': 20.66860465116279, 'x_AB13:55_f': 64.37122093023257, 'x_AB13:55_l': 31.39331395348837, 'x_AB16:05_0': 0.0, 'x_AB16:05_f': 0.0, 'x_AB16:05_l': 0.0, 'x_AB17:05_0': 25.06143192226069, 'x_AB17:05_f': 78.05243742010747, 'x_AB17:05_l': 0.0, 'x_AB18:00_0': 0.0, 'x_AB18:00_f': 0.0, 'x_AB18:00_l': 0.0, 'x_AB19:10_0': 0.0, 'x_AB19:10_f': 0.0, 'x_AB19:10_l': 0.0}","{'y_AB11:20': 0.9999999999999996, 'y_AB13:55': 1.0000000000000004, 'y_AB17:05': 1.0}","pt = ['AB11:20', 'AB12:40', 'AB12:55', 'AB13:55', 'AB16:05', 'AB17:05', 'AB18:00', 'AB19:10']
 avg_price_f = [1464.07, 1467.29, 856.66, 1477.78, 852.25, 1475.07, 833.23, 1466.01]
 avg_price_l = [441.88, 505.8, 279.25, 464.67, 275.1, 461.18, 261.39, 433.96]
 avg_pax_f = [160.71, 87.36, 131.43, 142.43, 167.79, 152.36, 104.14, 122.71]
 avg_pax_l= [18.64, 25.0, 20.29, 28.21, 25.43, 27.14, 13.64, 19.07]
 value_f_list = [2.05, 2.803, 2.803, 2.803, 2.803, 2.803, 1.624, 1.624]
 ratio_f_list = [0.72, 0.72, 0.72, 0.72, 0.72, 0.72, 0.72, 0.72]
 value_l_list = [1, 1.367, 1.367, 1.367, 1.367, 1.367, 0.793, 0.793]
 ratio_l_list = [0.72, 0.72, 0.72, 0.72, 0.72, 0.72, 0.72, 0.72]
 value_0_list = [0.9, 0.9, 0.9, 0.9, 0.9, 0.9, 0.9, 0.9]
 ratio_0_list = [4.92, 4.92, 4.92, 4.92, 4.92, 4.92, 4.92, 4.92]
 option_num = 3
 capacity_consum = 1.2"
462621.84885486943,"{'x_AB11:20_0': 24.36820652173914, 'x_AB11:20_f': 55.50535929951689, 'x_AB11:20_l': 27.0757850241546, 'x_AB12:40_0': 13.609496124031008, 'x_AB12:40_f': 42.38601959517656, 'x_AB12:40_l': 20.671312446167093, 'x_AB12:55_0': 0.0, 'x_AB12:55_f': 0.0, 'x_AB12:55_l': 0.0, 'x_AB13:55_0': 20.66860465116279, 'x_AB13:55_f': 64.37122093023257, 'x_AB13:55_l': 31.39331395348837, 'x_AB16:05_0': 23.40358527131783, 'x_AB16:05_f': 72.88916612833764, 'x_AB16:05_l': 35.5474456287683, 'x_AB17:05_0': 25.06143192226069, 'x_AB17:05_f': 78.05243742010747, 'x_AB17:05_l': 0.0, 'x_AB18:00_0': 0.0, 'x_AB18:00_f': 0.0, 'x_AB18:00_l': 0.0, 'x_AB19:10_0': 0.0, 'x_AB19:10_f': 0.0, 'x_AB19:10_l': 0.0}","{'y_AB11:20': 0.9999999999999994, 'y_AB12:40': 1.0000000000000002, 'y_AB13:55': 1.0000000000000004, 'y_AB16:05': 0.9999999999999999, 'y_AB17:05': 1.0}","pt = ['AB11:20', 'AB12:40', 'AB12:55', 'AB13:55', 'AB16:05', 'AB17:05', 'AB18:00', 'AB19:10']
 avg_price_f = [1464.07, 1467.29, 856.66, 1477.78, 852.25, 1475.07, 833.23, 1466.01]
 avg_price_l = [441.88, 505.8, 279.25, 464.67, 275.1, 461.18, 261.39, 433.96]
 avg_pax_f = [160.71, 87.36, 131.43, 142.43, 167.79, 152.36, 104.14, 122.71]
 avg_pax_l= [18.64, 25.0, 20.29, 28.21, 25.43, 27.14, 13.64, 19.07]
 value_f_list = [2.05, 2.803, 2.803, 2.803, 2.803, 2.803, 1.624, 1.624]
 ratio_f_list = [0.72, 0.72, 0.72, 0.72, 0.72, 0.72, 0.72, 0.72]
 value_l_list = [1, 1.367, 1.367, 1.367, 1.367, 1.367, 0.793, 0.793]
 ratio_l_list = [0.72, 0.72, 0.72, 0.72, 0.72, 0.72, 0.72, 0.72]
 value_0_list = [0.9, 0.9, 0.9, 0.9, 0.9, 0.9, 0.9, 0.9]
 ratio_0_list = [4.92, 4.92, 4.92, 4.92, 4.92, 4.92, 4.92, 4.92]
 option_num = 5
 capacity_consum = 1.2"
336806.0968665772,"{'x_AB11:20_0': 0.0, 'x_AB11:20_f': 0.0, 'x_AB11:20_l': 0.0, 'x_AB12:40_0': 0.0, 'x_AB12:40_f': 0.0, 'x_AB12:40_l': 0.0, 'x_AB12:55_0': 0.0, 'x_AB12:55_f': 0.0, 'x_AB12:55_l': 0.0, 'x_AC13:05_0': 0.0, 'x_AC13:05_f': 0.0, 'x_AC13:05_l': 0.0, 'x_AB13:55_0': 20.66860465116279, 'x_AB13:55_f': 64.37122093023255, 'x_AB13:55_l': 31.393313953488367, 'x_AC15:45_0': 21.53049257232213, 'x_AC15:45_f': 67.05552297802103, 'x_AC15:45_l': 0.0, 'x_AB16:05_0': 0.0, 'x_AB16:05_f': 0.0, 'x_AB16:05_l': 0.0, 'x_AB17:05_0': 25.061431922260695, 'x_AB17:05_f': 78.05243742010747, 'x_AB17:05_l': 0.0, 'x_AC17:25_0': 0.0, 'x_AC17:25_f': 0.0, 'x_AC17:25_l': 0.0, 'x_AB18:00_0': 0.0, 'x_AB18:00_f': 0.0, 'x_AB18:00_l': 0.0}","{'y_AB13:55': 0.9999999999999993, 'y_AC15:45': 1.0, 'y_AB17:05': 1.0}","pt = ['AB11:20', 'AB12:40', 'AB12:55', 'AC13:05', 'AB13:55', 'AC15:45', 'AB16:05', 'AB17:05', 'AC17:25', 'AB18:00']
 avg_price_f = [1464.07, 1467.29, 856.66, 1663.16, 1477.78, 1669.65, 852.25, 1475.07, 1670.39, 833.23]
 avg_price_l = [441.88, 505.8, 279.25, 565.96, 464.67, 506.95, 275.1, 461.18, 473.92, 261.39]
 avg_pax_f = [160.71, 87.36, 131.43, 111.64, 142.43, 133.71, 167.79, 152.36, 130.14, 104.14]
 avg_pax_l= [18.64, 25.0, 20.29, 23.79, 28.21, 20.5, 25.43, 27.14, 19.14, 13.64]
 value_f_list = [2.05, 2.803, 2.803, 2.803, 2.803, 2.803, 2.803, 2.803, 2.803, 1.624]
 ratio_f_list = [0.72, 0.72, 0.72, 0.72, 0.72, 0.72, 0.72, 0.72, 0.72, 0.72]
 value_l_list = [1, 1.367, 1.367, 1.367, 1.367, 1.367, 1.367, 1.367, 1.367, 0.793]
 ratio_l_list = [0.72, 0.72, 0.72, 0.72, 0.72, 0.72, 0.72, 0.72, 0.72, 0.72]
 value_0_list = [0.9, 0.9, 0.9, 0.9, 0.9, 0.9, 0.9, 0.9, 0.9, 0.9]
 ratio_0_list = [4.92, 4.92, 4.92, 4.92, 4.92, 4.92, 4.92, 4.92, 4.92, 4.92]
 option_num = 3
 capacity_consum = 1.2"
445234.1162172604,"{'x_AB12:40_0': 0.0, 'x_AB12:40_f': 0.0, 'x_AB12:40_l': 0.0, 'x_AB12:55_0': 0.0, 'x_AB12:55_f': 0.0, 'x_AB12:55_l': 0.0, 'x_AC13:05_0': 0.0, 'x_AC13:05_f': 0.0, 'x_AC13:05_l': 0.0, 'x_AB13:55_0': 20.66860465116279, 'x_AB13:55_f': 64.37122093023255, 'x_AB13:55_l': 31.39331395348837, 'x_AC15:45_0': 21.53049257232213, 'x_AC15:45_f': 67.05552297802103, 'x_AC15:45_l': 0.0, 'x_AB16:05_0': 0.0, 'x_AB16:05_f': 0.0, 'x_AB16:05_l': 0.0, 'x_AB17:05_0': 25.06143192226069, 'x_AB17:05_f': 78.05243742010747, 'x_AB17:05_l': 0.0, 'x_AC17:25_0': 20.842175806992074, 'x_AC17:25_f': 64.91179865222087, 'x_AC17:25_l': 0.0, 'x_AB18:00_0': 0.0, 'x_AB18:00_f': 0.0, 'x_AB18:00_l': 0.0, 'x_AB19:10_0': 0.0, 'x_AB19:10_f': 0.0, 'x_AB19:10_l': 0.0}","{'y_AB13:55': 1.0, 'y_AC15:45': 1.0, 'y_AB17:05': 0.9999999999999998, 'y_AC17:25': 1.0000000000000002}","pt = ['AB12:40', 'AB12:55', 'AC13:05', 'AB13:55', 'AC15:45', 'AB16:05', 'AB17:05', 'AC17:25', 'AB18:00', 'AB19:10']
 avg_price_f = [1467.29, 856.66, 1663.16, 1477.78, 1669.65, 852.25, 1475.07, 1670.39, 833.23, 1466.01]
 avg_price_l = [505.8, 279.25, 565.96, 464.67, 506.95, 275.1, 461.18, 473.92, 261.39, 433.96]
 avg_pax_f = [87.36, 131.43, 111.64, 142.43, 133.71, 167.79, 152.36, 130.14, 104.14, 122.71]
 avg_pax_l= [25.0, 20.29, 23.79, 28.21, 20.5, 25.43, 27.14, 19.14, 13.64, 19.07]
 value_f_list = [2.803, 2.803, 2.803, 2.803, 2.803, 2.803, 2.803, 2.803, 1.624, 1.624]
 ratio_f_list = [0.72, 0.72, 0.72, 0.72, 0.72, 0.72, 0.72, 0.72, 0.72, 0.72]
 value_l_list = [1.367, 1.367, 1.367, 1.367, 1.367, 1.367, 1.367, 1.367, 0.793, 0.793]
 ratio_l_list = [0.72, 0.72, 0.72, 0.72, 0.72, 0.72, 0.72, 0.72, 0.72, 0.72]
 value_0_list = [0.9, 0.9, 0.9, 0.9, 0.9, 0.9, 0.9, 0.9, 0.9, 0.9]
 ratio_0_list = [4.92, 4.92, 4.92, 4.92, 4.92, 4.92, 4.92, 4.92, 4.92, 4.92]
 option_num = 4
 capacity_consum = 1.2"
554091.4060502347,"{'x_AB19:10_0': 0.0, 'x_AB19:10_f': 0.0, 'x_AB19:10_l': 0.0, 'x_AC13:05_0': 0.0, 'x_AC13:05_f': 0.0, 'x_AC13:05_l': 0.0, 'x_AB13:55_0': 20.66860465116279, 'x_AB13:55_f': 64.37122093023257, 'x_AB13:55_l': 31.39331395348837, 'x_AC15:45_0': 21.530492572322125, 'x_AC15:45_f': 67.05552297802102, 'x_AC15:45_l': 0.0, 'x_AB16:05_0': 0.0, 'x_AB16:05_f': 0.0, 'x_AB16:05_l': 0.0, 'x_AB17:05_0': 25.06143192226069, 'x_AB17:05_f': 78.05243742010747, 'x_AB17:05_l': 0.0, 'x_AB18:00_0': 0.0, 'x_AB18:00_f': 0.0, 'x_AB18:00_l': 0.0, 'x_AC17:25_0': 20.84217580699205, 'x_AC17:25_f': 64.9117986522208, 'x_AC17:25_l': 0.0, 'x_AC0:00_0': 22.187110304954093, 'x_AC0:00_f': 65.84641291614709, 'x_AC0:00_l': 0.0}","{'y_AB13:55': 1.0000000000000004, 'y_AC15:45': 0.9999999999999999, 'y_AB17:05': 1.0, 'y_AC17:25': 0.999999999999999, 'y_AC0:00': 1.0000000000000007}","pt = ['AB19:10', 'AC13:05', 'AB13:55', 'AC15:45', 'AB16:05', 'AB17:05', 'AB18:00', 'AC17:25', 'AC0:00']
 avg_price_f = [1466.01, 1663.16, 1477.78, 1669.65, 852.25, 1475.07, 833.23, 1670.39, 1653.2]
 avg_price_l = [433.96, 565.96, 464.67, 506.95, 275.1, 461.18, 261.39, 473.92, 473.63]
 avg_pax_f = [122.71, 111.64, 142.43, 133.71, 167.79, 152.36, 104.14, 130.14, 138.64]
 avg_pax_l= [19.07, 23.79, 28.21, 20.5, 25.43, 27.14, 13.64, 19.14, 17.93]
 value_f_list = [1.624, 2.803, 2.803, 2.803, 2.803, 2.803, 1.624, 2.803, 2.671]
 ratio_f_list = [0.72, 0.72, 0.72, 0.72, 0.72, 0.72, 0.72, 0.72, 0.72]
 value_l_list = [0.793, 1.367, 1.367, 1.367, 1.367, 1.367, 0.793, 1.367, 1.303]
 ratio_l_list = [0.72, 0.72, 0.72, 0.72, 0.72, 0.72, 0.72, 0.72, 0.72]
 value_0_list = [0.9, 0.9, 0.9, 0.9, 0.9, 0.9, 0.9, 0.9, 0.9]
 ratio_0_list = [4.92, 4.92, 4.92, 4.92, 4.92, 4.92, 4.92, 4.92, 4.92]
 option_num = 5
 capacity_consum = 1.2"
336806.0968665773,"{'x_AB11:20_0': 0.0, 'x_AB11:20_f': 0.0, 'x_AB11:20_l': 0.0, 'x_AB12:40_0': 0.0, 'x_AB12:40_f': 0.0, 'x_AB12:40_l': 0.0, 'x_AB12:55_0': 0.0, 'x_AB12:55_f': 0.0, 'x_AB12:55_l': 0.0, 'x_AC13:05_0': 0.0, 'x_AC13:05_f': 0.0, 'x_AC13:05_l': 0.0, 'x_AB13:55_0': 20.668604651162795, 'x_AB13:55_f': 64.37122093023257, 'x_AB13:55_l': 31.39331395348838, 'x_AC15:45_0': 21.53049257232213, 'x_AC15:45_f': 67.05552297802103, 'x_AC15:45_l': 0.0, 'x_AB16:05_0': 0.0, 'x_AB16:05_f': 0.0, 'x_AB16:05_l': 0.0, 'x_AB17:05_0': 25.0614319222607, 'x_AB17:05_f': 78.05243742010748, 'x_AB17:05_l': 0.0, 'x_AC17:25_0': 0.0, 'x_AC17:25_f': 0.0, 'x_AC17:25_l': 0.0, 'x_AB18:00_0': 0.0, 'x_AB18:00_f': 0.0, 'x_AB18:00_l': 0.0, 'x_AB19:10_0': 0.0, 'x_AB19:10_f': 0.0, 'x_AB19:10_l': 0.0, 'x_AB22:45_0': 0.0, 'x_AB22:45_f': 0.0, 'x_AB22:45_l': 0.0}","{'y_AB13:55': 1.0, 'y_AC15:45': 1.0, 'y_AB17:05': 1.0}","pt = ['AB11:20', 'AB12:40', 'AB12:55', 'AC13:05', 'AB13:55', 'AC15:45', 'AB16:05', 'AB17:05', 'AC17:25', 'AB18:00', 'AB19:10', 'AB22:45']
 avg_price_f = [1464.07, 1467.29, 856.66, 1663.16, 1477.78, 1669.65, 852.25, 1475.07, 1670.39, 833.23, 1466.01, 1455.47]
 avg_price_l = [441.88, 505.8, 279.25, 565.96, 464.67, 506.95, 275.1, 461.18, 473.92, 261.39, 433.96, 436.14]
 avg_pax_f = [160.71, 87.36, 131.43, 111.64, 142.43, 133.71, 167.79, 152.36, 130.14, 104.14, 122.71, 147.0]
 avg_pax_l= [18.64, 25.0, 20.29, 23.79, 28.21, 20.5, 25.43, 27.14, 19.14, 13.64, 19.07, 12.14]
 value_f_list = [2.05, 2.803, 2.803, 2.803, 2.803, 2.803, 2.803, 2.803, 2.803, 1.624, 1.624, 2.671]
 ratio_f_list = [0.72, 0.72, 0.72, 0.72, 0.72, 0.72, 0.72, 0.72, 0.72, 0.72, 0.72, 0.72]
 value_l_list = [1, 1.367, 1.367, 1.367, 1.367, 1.367, 1.367, 1.367, 1.367, 0.793, 0.793, 1.303]
 ratio_l_list = [0.72, 0.72, 0.72, 0.72, 0.72, 0.72, 0.72, 0.72, 0.72, 0.72, 0.72, 0.72]
 value_0_list = [0.9, 0.9, 0.9, 0.9, 0.9, 0.9, 0.9, 0.9, 0.9, 0.9, 0.9, 0.9]
 ratio_0_list = [4.92, 4.92, 4.92, 4.92, 4.92, 4.92, 4.92, 4.92, 4.92, 4.92, 4.92, 4.92]
 option_num = 3
 capacity_consum = 1.2"
445234.11621726037,"{'x_AB11:20_0': 0.0, 'x_AB11:20_f': 0.0, 'x_AB11:20_l': 0.0, 'x_AB12:40_0': 0.0, 'x_AB12:40_f': 0.0, 'x_AB12:40_l': 0.0, 'x_AB12:55_0': 0.0, 'x_AB12:55_f': 0.0, 'x_AB12:55_l': 0.0, 'x_AC13:05_0': 0.0, 'x_AC13:05_f': 0.0, 'x_AC13:05_l': 0.0, 'x_AB13:55_0': 20.668604651162795, 'x_AB13:55_f': 64.37122093023255, 'x_AB13:55_l': 31.393313953488377, 'x_AC15:45_0': 21.530492572322125, 'x_AC15:45_f': 67.05552297802102, 'x_AC15:45_l': 0.0, 'x_AB16:05_0': 0.0, 'x_AB16:05_f': 0.0, 'x_AB16:05_l': 0.0, 'x_AB17:05_0': 25.06143192226069, 'x_AB17:05_f': 78.05243742010747, 'x_AB17:05_l': 0.0, 'x_AC17:25_0': 20.842175806992067, 'x_AC17:25_f': 64.91179865222084, 'x_AC17:25_l': 0.0, 'x_AB18:00_0': 0.0, 'x_AB18:00_f': 0.0, 'x_AB18:00_l': 0.0, 'x_AB19:10_0': 0.0, 'x_AB19:10_f': 0.0, 'x_AB19:10_l': 0.0, 'x_AB22:45_0': 0.0, 'x_AB22:45_f': 0.0, 'x_AB22:45_l': 0.0}","{'y_AB13:55': 1.0, 'y_AC15:45': 1.0, 'y_AB17:05': 1.0, 'y_AC17:25': 0.9999999999999999}","pt = ['AB11:20', 'AB12:40', 'AB12:55', 'AC13:05', 'AB13:55', 'AC15:45', 'AB16:05', 'AB17:05', 'AC17:25', 'AB18:00', 'AB19:10', 'AB22:45']
 avg_price_f = [1464.07, 1467.29, 856.66, 1663.16, 1477.78, 1669.65, 852.25, 1475.07, 1670.39, 833.23, 1466.01, 1455.47]
 avg_price_l = [441.88, 505.8, 279.25, 565.96, 464.67, 506.95, 275.1, 461.18, 473.92, 261.39, 433.96, 436.14]
 avg_pax_f = [160.71, 87.36, 131.43, 111.64, 142.43, 133.71, 167.79, 152.36, 130.14, 104.14, 122.71, 147.0]
 avg_pax_l= [18.64, 25.0, 20.29, 23.79, 28.21, 20.5, 25.43, 27.14, 19.14, 13.64, 19.07, 12.14]
 value_f_list = [2.05, 2.803, 2.803, 2.803, 2.803, 2.803, 2.803, 2.803, 2.803, 1.624, 1.624, 2.671]
 ratio_f_list = [0.72, 0.72, 0.72, 0.72, 0.72, 0.72, 0.72, 0.72, 0.72, 0.72, 0.72, 0.72]
 value_l_list = [1, 1.367, 1.367, 1.367, 1.367, 1.367, 1.367, 1.367, 1.367, 0.793, 0.793, 1.303]
 ratio_l_list = [0.72, 0.72, 0.72, 0.72, 0.72, 0.72, 0.72, 0.72, 0.72, 0.72, 0.72, 0.72]
 value_0_list = [0.9, 0.9, 0.9, 0.9, 0.9, 0.9, 0.9, 0.9, 0.9, 0.9, 0.9, 0.9]
 ratio_0_list = [4.92, 4.92, 4.92, 4.92, 4.92, 4.92, 4.92, 4.92, 4.92, 4.92, 4.92, 4.92]
 option_num = 4
 capacity_consum = 1.2"
544304.208683884,"{'x_AB11:20_0': 0.0, 'x_AB11:20_f': 0.0, 'x_AB11:20_l': 0.0, 'x_AB12:40_0': 0.0, 'x_AB12:40_f': 0.0, 'x_AB12:40_l': 0.0, 'x_AB12:55_0': 0.0, 'x_AB12:55_f': 0.0, 'x_AB12:55_l': 0.0, 'x_AC13:05_0': 16.403827519379853, 'x_AC13:05_f': 51.08880948535746, 'x_AC13:05_l': 24.91559135443584, 'x_AB13:55_0': 20.66860465116279, 'x_AB13:55_f': 64.37122093023257, 'x_AB13:55_l': 31.39331395348837, 'x_AC15:45_0': 21.53049257232213, 'x_AC15:45_f': 67.05552297802103, 'x_AC15:45_l': 0.0, 'x_AB16:05_0': 0.0, 'x_AB16:05_f': 0.0, 'x_AB16:05_l': 0.0, 'x_AB17:05_0': 25.06143192226069, 'x_AB17:05_f': 78.05243742010747, 'x_AB17:05_l': 0.0, 'x_AC17:25_0': 20.84217580699206, 'x_AC17:25_f': 64.91179865222082, 'x_AC17:25_l': 0.0, 'x_AB18:00_0': 0.0, 'x_AB18:00_f': 0.0, 'x_AB18:00_l': 0.0, 'x_AB19:10_0': 0.0, 'x_AB19:10_f': 0.0, 'x_AB19:10_l': 0.0, 'x_AB22:45_0': 0.0, 'x_AB22:45_f': 0.0, 'x_AB22:45_l': 0.0}","{'y_AC13:05': 1.0, 'y_AB13:55': 1.0, 'y_AC15:45': 1.0000000000000002, 'y_AB17:05': 1.0, 'y_AC17:25': 0.9999999999999997}","pt = ['AB11:20', 'AB12:40', 'AB12:55', 'AC13:05', 'AB13:55', 'AC15:45', 'AB16:05', 'AB17:05', 'AC17:25', 'AB18:00', 'AB19:10', 'AB22:45']
 avg_price_f = [1464.07, 1467.29, 856.66, 1663.16, 1477.78, 1669.65, 852.25, 1475.07, 1670.39, 833.23, 1466.01, 1455.47]
 avg_price_l = [441.88, 505.8, 279.25, 565.96, 464.67, 506.95, 275.1, 461.18, 473.92, 261.39, 433.96, 436.14]
 avg_pax_f = [160.71, 87.36, 131.43, 111.64, 142.43, 133.71, 167.79, 152.36, 130.14, 104.14, 122.71, 147.0]
 avg_pax_l= [18.64, 25.0, 20.29, 23.79, 28.21, 20.5, 25.43, 27.14, 19.14, 13.64, 19.07, 12.14]
 value_f_list = [2.05, 2.803, 2.803, 2.803, 2.803, 2.803, 2.803, 2.803, 2.803, 1.624, 1.624, 2.671]
 ratio_f_list = [0.72, 0.72, 0.72, 0.72, 0.72, 0.72, 0.72, 0.72, 0.72, 0.72, 0.72, 0.72]
 value_l_list = [1, 1.367, 1.367, 1.367, 1.367, 1.367, 1.367, 1.367, 1.367, 0.793, 0.793, 1.303]
 ratio_l_list = [0.72, 0.72, 0.72, 0.72, 0.72, 0.72, 0.72, 0.72, 0.72, 0.72, 0.72, 0.72]
 value_0_list = [0.9, 0.9, 0.9, 0.9, 0.9, 0.9, 0.9, 0.9, 0.9, 0.9, 0.9, 0.9]
 ratio_0_list = [4.92, 4.92, 4.92, 4.92, 4.92, 4.92, 4.92, 4.92, 4.92, 4.92, 4.92, 4.92]
 option_num = 5
 capacity_consum = 1.2"
482459.59832336125,"{'x_CB7:40_0': 0.0, 'x_CB7:40_f': 0.0, 'x_CB7:40_l': 0.0, 'x_CB10:45_0': 0.0, 'x_CB10:45_f': 0.0, 'x_CB10:45_l': 0.0, 'x_AB11:20_0': 24.36820652173914, 'x_AB11:20_f': 55.50535929951692, 'x_AB11:20_l': 27.075785024154598, 'x_CB12:35_0': 44.077066190517904, 'x_CB12:35_f': 103.8014908786695, 'x_CB12:35_l': 0.0, 'x_AB12:40_0': 13.609496124031025, 'x_AB12:40_f': 42.38601959517654, 'x_AB12:40_l': 20.67131244616712, 'x_AB12:55_0': 0.0, 'x_AB12:55_f': 0.0, 'x_AB12:55_l': 0.0, 'x_AB13:55_0': 20.66860465116279, 'x_AB13:55_f': 64.37122093023257, 'x_AB13:55_l': 31.39331395348837, 'x_CB14:15_0': 0.0, 'x_CB14:15_f': 0.0, 'x_CB14:15_l': 0.0, 'x_AB16:05_0': 0.0, 'x_AB16:05_f': 0.0, 'x_AB16:05_l': 0.0, 'x_CB16:55_0': 0.0, 'x_CB16:55_f': 0.0, 'x_CB16:55_l': 0.0, 'x_AB17:05_0': 25.06143192226069, 'x_AB17:05_f': 78.05243742010747, 'x_AB17:05_l': 0.0, 'x_CB17:40_0': 0.0, 'x_CB17:40_f': 0.0, 'x_CB17:40_l': 0.0, 'x_AB18:00_0': 0.0, 'x_AB18:00_f': 0.0, 'x_AB18:00_l': 0.0, 'x_CB18:30_0': 0.0, 'x_CB18:30_f': 0.0, 'x_CB18:30_l': 0.0}","{'y_AB11:20': 1.0, 'y_CB12:35': 1.000000000000001, 'y_AB12:40': 1.0, 'y_AB13:55': 1.0000000000000004, 'y_AB17:05': 1.0}","pt = ['CB7:40', 'CB10:45', 'AB11:20', 'CB12:35', 'AB12:40', 'AB12:55', 'AB13:55', 'CB14:15', 'AB16:05', 'CB16:55', 'AB17:05', 'CB17:40', 'AB18:00', 'CB18:30']
 avg_price_f = [1484.6, 886.96, 1464.07, 883.77, 1467.29, 856.66, 1477.78, 1510.9, 852.25, 1583.0, 1475.07, 872.18, 833.23, 1523.0]
 avg_price_l = [450.8, 263.88, 441.88, 299.39, 505.8, 279.25, 464.67, 496.51, 275.1, 558.48, 461.18, 265.62, 261.39, 443.91]
 avg_pax_f = [22.79, 127.86, 160.71, 156.57, 87.36, 131.43, 142.43, 33.71, 167.79, 2.0, 152.36, 127.36, 104.14, 13.57]
 avg_pax_l= [4.1, 15.5, 18.64, 19.93, 25.0, 20.29, 28.21, 5.93, 25.43, 2.4, 27.14, 13.71, 13.64, 3.38]
 value_f_list = [2.16, 1.916, 2.05, 2.826, 2.803, 2.803, 2.803, 2.826, 2.803, 2.826, 2.803, 2.826, 1.624, 3.126]
 ratio_f_list = [0.97, 0.97, 0.72, 0.97, 0.72, 0.72, 0.72, 0.97, 0.72, 0.97, 0.72, 0.97, 0.72, 0.97]
 value_l_list = [1.127, 1, 1, 1.475, 1.367, 1.367, 1.367, 1.475, 1.367, 1.475, 1.367, 1.475, 0.793, 1.631]
 ratio_l_list = [0.97, 0.97, 0.72, 0.97, 0.72, 0.72, 0.72, 0.97, 0.72, 0.97, 0.72, 0.97, 0.72, 0.97]
 value_0_list = [1.2, 1.2, 0.9, 1.2, 0.9, 0.9, 0.9, 1.2, 0.9, 1.2, 0.9, 1.2, 0.9, 1.2]
 ratio_0_list = [1.72, 1.72, 4.92, 1.72, 4.92, 4.92, 4.92, 1.72, 4.92, 1.72, 4.92, 1.72, 4.92, 1.72]
 option_num = 5
 capacity_consum = 1.2"
409811.4657962833,"{'x_CB7:40_0': 0.0, 'x_CB7:40_f': 0.0, 'x_CB7:40_l': 0.0, 'x_CB10:45_0': 0.0, 'x_CB10:45_f': 0.0, 'x_CB10:45_l': 0.0, 'x_AB11:20_0': 24.368206521739133, 'x_AB11:20_f': 55.50535929951691, 'x_AB11:20_l': 27.075785024154595, 'x_CB12:35_0': 44.077066190517805, 'x_CB12:35_f': 103.80149087866944, 'x_CB12:35_l': 0.0, 'x_AB12:40_0': 0.0, 'x_AB12:40_f': 0.0, 'x_AB12:40_l': 0.0, 'x_AB12:55_0': 0.0, 'x_AB12:55_f': 0.0, 'x_AB12:55_l': 0.0, 'x_AB13:55_0': 20.66860465116279, 'x_AB13:55_f': 64.37122093023257, 'x_AB13:55_l': 31.39331395348837, 'x_CB14:15_0': 0.0, 'x_CB14:15_f': 0.0, 'x_CB14:15_l': 0.0, 'x_AB16:05_0': 0.0, 'x_AB16:05_f': 0.0, 'x_AB16:05_l': 0.0, 'x_CB16:55_0': 0.0, 'x_CB16:55_f': 0.0, 'x_CB16:55_l': 0.0, 'x_AB17:05_0': 25.06143192226069, 'x_AB17:05_f': 78.05243742010747, 'x_AB17:05_l': 0.0, 'x_CB17:40_0': 0.0, 'x_CB17:40_f': 0.0, 'x_CB17:40_l': 0.0, 'x_AB18:00_0': 0.0, 'x_AB18:00_f': 0.0, 'x_AB18:00_l': 0.0, 'x_CB18:30_0': 0.0, 'x_CB18:30_f': 0.0, 'x_CB18:30_l': 0.0}","{'y_AB11:20': 0.9999999999999998, 'y_CB12:35': 0.9999999999999998, 'y_AB13:55': 1.0000000000000004, 'y_AB17:05': 1.0}","pt = ['CB7:40', 'CB10:45', 'AB11:20', 'CB12:35', 'AB12:40', 'AB12:55', 'AB13:55', 'CB14:15', 'AB16:05', 'CB16:55', 'AB17:05', 'CB17:40', 'AB18:00', 'CB18:30']
 avg_price_f = [1484.6, 886.96, 1464.07, 883.77, 1467.29, 856.66, 1477.78, 1510.9, 852.25, 1583.0, 1475.07, 872.18, 833.23, 1523.0]
 avg_price_l = [450.8, 263.88, 441.88, 299.39, 505.8, 279.25, 464.67, 496.51, 275.1, 558.48, 461.18, 265.62, 261.39, 443.91]
 avg_pax_f = [22.79, 127.86, 160.71, 156.57, 87.36, 131.43, 142.43, 33.71, 167.79, 2.0, 152.36, 127.36, 104.14, 13.57]
 avg_pax_l= [4.1, 15.5, 18.64, 19.93, 25.0, 20.29, 28.21, 5.93, 25.43, 2.4, 27.14, 13.71, 13.64, 3.38]
 value_f_list = [2.16, 1.916, 2.05, 2.826, 2.803, 2.803, 2.803, 2.826, 2.803, 2.826, 2.803, 2.826, 1.624, 3.126]
 ratio_f_list = [0.97, 0.97, 0.72, 0.97, 0.72, 0.72, 0.72, 0.97, 0.72, 0.97, 0.72, 0.97, 0.72, 0.97]
 value_l_list = [1.127, 1, 1, 1.475, 1.367, 1.367, 1.367, 1.475, 1.367, 1.475, 1.367, 1.475, 0.793, 1.631]
 ratio_l_list = [0.97, 0.97, 0.72, 0.97, 0.72, 0.72, 0.72, 0.97, 0.72, 0.97, 0.72, 0.97, 0.72, 0.97]
 value_0_list = [1.2, 1.2, 0.9, 1.2, 0.9, 0.9, 0.9, 1.2, 0.9, 1.2, 0.9, 1.2, 0.9, 1.2]
 ratio_0_list = [1.72, 1.72, 4.92, 1.72, 4.92, 4.92, 4.92, 1.72, 4.92, 1.72, 4.92, 1.72, 4.92, 1.72]
 option_num = 4
 capacity_consum = 1.2"
318074.82220244163,"{'x_CB7:40_0': 0.0, 'x_CB7:40_f': 0.0, 'x_CB7:40_l': 0.0, 'x_CB10:45_0': 0.0, 'x_CB10:45_f': 0.0, 'x_CB10:45_l': 0.0, 'x_AB11:20_0': 24.368206521739136, 'x_AB11:20_f': 55.505359299516925, 'x_AB11:20_l': 27.075785024154595, 'x_CB12:35_0': 0.0, 'x_CB12:35_f': 0.0, 'x_CB12:35_l': 0.0, 'x_AB12:40_0': 0.0, 'x_AB12:40_f': 0.0, 'x_AB12:40_l': 0.0, 'x_AB12:55_0': 0.0, 'x_AB12:55_f': 0.0, 'x_AB12:55_l': 0.0, 'x_AB13:55_0': 20.66860465116279, 'x_AB13:55_f': 64.37122093023257, 'x_AB13:55_l': 31.39331395348837, 'x_CB14:15_0': 0.0, 'x_CB14:15_f': 0.0, 'x_CB14:15_l': 0.0, 'x_AB16:05_0': 0.0, 'x_AB16:05_f': 0.0, 'x_AB16:05_l': 0.0, 'x_CB16:55_0': 0.0, 'x_CB16:55_f': 0.0, 'x_CB16:55_l': 0.0, 'x_AB17:05_0': 25.06143192226069, 'x_AB17:05_f': 78.05243742010747, 'x_AB17:05_l': 0.0, 'x_CB17:40_0': 0.0, 'x_CB17:40_f': 0.0, 'x_CB17:40_l': 0.0, 'x_AB18:00_0': 0.0, 'x_AB18:00_f': 0.0, 'x_AB18:00_l': 0.0, 'x_CB18:30_0': 0.0, 'x_CB18:30_f': 0.0, 'x_CB18:30_l': 0.0}","{'y_AB11:20': 1.0, 'y_AB13:55': 1.0, 'y_AB17:05': 0.9999999999999998}","pt = ['CB7:40', 'CB10:45', 'AB11:20', 'CB12:35', 'AB12:40', 'AB12:55', 'AB13:55', 'CB14:15', 'AB16:05', 'CB16:55', 'AB17:05', 'CB17:40', 'AB18:00', 'CB18:30']
 avg_price_f = [1484.6, 886.96, 1464.07, 883.77, 1467.29, 856.66, 1477.78, 1510.9, 852.25, 1583.0, 1475.07, 872.18, 833.23, 1523.0]
 avg_price_l = [450.8, 263.88, 441.88, 299.39, 505.8, 279.25, 464.67, 496.51, 275.1, 558.48, 461.18, 265.62, 261.39, 443.91]
 avg_pax_f = [22.79, 127.86, 160.71, 156.57, 87.36, 131.43, 142.43, 33.71, 167.79, 2.0, 152.36, 127.36, 104.14, 13.57]
 avg_pax_l= [4.1, 15.5, 18.64, 19.93, 25.0, 20.29, 28.21, 5.93, 25.43, 2.4, 27.14, 13.71, 13.64, 3.38]
 value_f_list = [2.16, 1.916, 2.05, 2.826, 2.803, 2.803, 2.803, 2.826, 2.803, 2.826, 2.803, 2.826, 1.624, 3.126]
 ratio_f_list = [0.97, 0.97, 0.72, 0.97, 0.72, 0.72, 0.72, 0.97, 0.72, 0.97, 0.72, 0.97, 0.72, 0.97]
 value_l_list = [1.127, 1, 1, 1.475, 1.367, 1.367, 1.367, 1.475, 1.367, 1.475, 1.367, 1.475, 0.793, 1.631]
 ratio_l_list = [0.97, 0.97, 0.72, 0.97, 0.72, 0.72, 0.72, 0.97, 0.72, 0.97, 0.72, 0.97, 0.72, 0.97]
 value_0_list = [1.2, 1.2, 0.9, 1.2, 0.9, 0.9, 0.9, 1.2, 0.9, 1.2, 0.9, 1.2, 0.9, 1.2]
 ratio_0_list = [1.72, 1.72, 4.92, 1.72, 4.92, 4.92, 4.92, 1.72, 4.92, 1.72, 4.92, 1.72, 4.92, 1.72]
 option_num = 3
 capacity_consum = 1.2"
507222.0575158225,"{'x_CB7:40_0': 0.0, 'x_CB7:40_f': 0.0, 'x_CB7:40_l': 0.0, 'x_CB10:45_0': 0.0, 'x_CB10:45_f': 0.0, 'x_CB10:45_l': 0.0, 'x_AB11:20_0': 24.368206521739147, 'x_AB11:20_f': 55.50535929951687, 'x_AB11:20_l': 27.075785024154605, 'x_CB12:35_0': 44.07706619051785, 'x_CB12:35_f': 103.8014908786695, 'x_CB12:35_l': 0.0, 'x_AB12:40_0': 0.0, 'x_AB12:40_f': 0.0, 'x_AB12:40_l': 0.0, 'x_AB12:55_0': 0.0, 'x_AB12:55_f': 0.0, 'x_AB12:55_l': 0.0, 'x_AB13:55_0': 20.66860465116279, 'x_AB13:55_f': 64.37122093023257, 'x_AB13:55_l': 31.39331395348837, 'x_CB14:15_0': 0.0, 'x_CB14:15_f': 0.0, 'x_CB14:15_l': 0.0, 'x_AB16:05_0': 0.0, 'x_AB16:05_f': 0.0, 'x_AB16:05_l': 0.0, 'x_CB16:55_0': 0.0, 'x_CB16:55_f': 0.0, 'x_CB16:55_l': 0.0, 'x_AB17:05_0': 25.06143192226069, 'x_AB17:05_f': 78.05243742010747, 'x_AB17:05_l': 0.0, 'x_CB17:40_0': 0.0, 'x_CB17:40_f': 0.0, 'x_CB17:40_l': 0.0, 'x_AB18:00_0': 0.0, 'x_AB18:00_f': 0.0, 'x_AB18:00_l': 0.0, 'x_CB18:30_0': 0.0, 'x_CB18:30_f': 0.0, 'x_CB18:30_l': 0.0, 'x_AB22:45_0': 22.55129803877112, 'x_AB22:45_f': 66.9272411795085, 'x_AB22:45_l': 0.0}","{'y_AB11:20': 0.9999999999999996, 'y_CB12:35': 1.0000000000000004, 'y_AB13:55': 1.0, 'y_AB17:05': 1.0, 'y_AB22:45': 1.0}","pt = ['CB7:40', 'CB10:45', 'AB11:20', 'CB12:35', 'AB12:40', 'AB12:55', 'AB13:55', 'CB14:15', 'AB16:05', 'CB16:55', 'AB17:05', 'CB17:40', 'AB18:00', 'CB18:30', 'AB22:45']
 avg_price_f = [1484.6, 886.96, 1464.07, 883.77, 1467.29, 856.66, 1477.78, 1510.9, 852.25, 1583.0, 1475.07, 872.18, 833.23, 1523.0, 1455.47]
 avg_price_l = [450.8, 263.88, 441.88, 299.39, 505.8, 279.25, 464.67, 496.51, 275.1, 558.48, 461.18, 265.62, 261.39, 443.91, 436.14]
 avg_pax_f = [22.79, 127.86, 160.71, 156.57, 87.36, 131.43, 142.43, 33.71, 167.79, 2.0, 152.36, 127.36, 104.14, 13.57, 147.0]
 avg_pax_l= [4.1, 15.5, 18.64, 19.93, 25.0, 20.29, 28.21, 5.93, 25.43, 2.4, 27.14, 13.71, 13.64, 3.38, 12.14]
 value_f_list = [2.16, 1.916, 2.05, 2.826, 2.803, 2.803, 2.803, 2.826, 2.803, 2.826, 2.803, 2.826, 1.624, 3.126, 2.671]
 ratio_f_list = [0.97, 0.97, 0.72, 0.97, 0.72, 0.72, 0.72, 0.97, 0.72, 0.97, 0.72, 0.97, 0.72, 0.97, 0.72]
 value_l_list = [1.127, 1, 1, 1.475, 1.367, 1.367, 1.367, 1.475, 1.367, 1.475, 1.367, 1.475, 0.793, 1.631, 1.303]
 ratio_l_list = [0.97, 0.97, 0.72, 0.97, 0.72, 0.72, 0.72, 0.97, 0.72, 0.97, 0.72, 0.97, 0.72, 0.97, 0.72]
 value_0_list = [1.2, 1.2, 0.9, 1.2, 0.9, 0.9, 0.9, 1.2, 0.9, 1.2, 0.9, 1.2, 0.9, 1.2, 0.9]
 ratio_0_list = [1.72, 1.72, 4.92, 1.72, 4.92, 4.92, 4.92, 1.72, 4.92, 1.72, 4.92, 1.72, 4.92, 1.72, 4.92]
 option_num = 5
 capacity_consum = 1.2"
415485.4139219808,"{'x_CB7:40_0': 0.0, 'x_CB7:40_f': 0.0, 'x_CB7:40_l': 0.0, 'x_CB10:45_0': 0.0, 'x_CB10:45_f': 0.0, 'x_CB10:45_l': 0.0, 'x_AB11:20_0': 24.368206521739136, 'x_AB11:20_f': 55.50535929951692, 'x_AB11:20_l': 27.07578502415459, 'x_CB12:35_0': 0.0, 'x_CB12:35_f': 0.0, 'x_CB12:35_l': 0.0, 'x_AB12:40_0': 0.0, 'x_AB12:40_f': 0.0, 'x_AB12:40_l': 0.0, 'x_AB12:55_0': 0.0, 'x_AB12:55_f': 0.0, 'x_AB12:55_l': 0.0, 'x_AB13:55_0': 20.66860465116279, 'x_AB13:55_f': 64.37122093023255, 'x_AB13:55_l': 31.39331395348837, 'x_CB14:15_0': 0.0, 'x_CB14:15_f': 0.0, 'x_CB14:15_l': 0.0, 'x_AB16:05_0': 0.0, 'x_AB16:05_f': 0.0, 'x_AB16:05_l': 0.0, 'x_CB16:55_0': 0.0, 'x_CB16:55_f': 0.0, 'x_CB16:55_l': 0.0, 'x_AB17:05_0': 25.06143192226069, 'x_AB17:05_f': 78.05243742010747, 'x_AB17:05_l': 0.0, 'x_CB17:40_0': 0.0, 'x_CB17:40_f': 0.0, 'x_CB17:40_l': 0.0, 'x_AB18:00_0': 0.0, 'x_AB18:00_f': 0.0, 'x_AB18:00_l': 0.0, 'x_CB18:30_0': 0.0, 'x_CB18:30_f': 0.0, 'x_CB18:30_l': 0.0, 'x_AB22:45_0': 22.55129803877112, 'x_AB22:45_f': 66.9272411795085, 'x_AB22:45_l': 0.0}","{'y_AB11:20': 1.0, 'y_AB13:55': 1.0, 'y_AB17:05': 1.0, 'y_AB22:45': 1.0}","pt = ['CB7:40', 'CB10:45', 'AB11:20', 'CB12:35', 'AB12:40', 'AB12:55', 'AB13:55', 'CB14:15', 'AB16:05', 'CB16:55', 'AB17:05', 'CB17:40', 'AB18:00', 'CB18:30', 'AB22:45']
 avg_price_f = [1484.6, 886.96, 1464.07, 883.77, 1467.29, 856.66, 1477.78, 1510.9, 852.25, 1583.0, 1475.07, 872.18, 833.23, 1523.0, 1455.47]
 avg_price_l = [450.8, 263.88, 441.88, 299.39, 505.8, 279.25, 464.67, 496.51, 275.1, 558.48, 461.18, 265.62, 261.39, 443.91, 436.14]
 avg_pax_f = [22.79, 127.86, 160.71, 156.57, 87.36, 131.43, 142.43, 33.71, 167.79, 2.0, 152.36, 127.36, 104.14, 13.57, 147.0]
 avg_pax_l= [4.1, 15.5, 18.64, 19.93, 25.0, 20.29, 28.21, 5.93, 25.43, 2.4, 27.14, 13.71, 13.64, 3.38, 12.14]
 value_f_list = [2.16, 1.916, 2.05, 2.826, 2.803, 2.803, 2.803, 2.826, 2.803, 2.826, 2.803, 2.826, 1.624, 3.126, 2.671]
 ratio_f_list = [0.97, 0.97, 0.72, 0.97, 0.72, 0.72, 0.72, 0.97, 0.72, 0.97, 0.72, 0.97, 0.72, 0.97, 0.72]
 value_l_list = [1.127, 1, 1, 1.475, 1.367, 1.367, 1.367, 1.475, 1.367, 1.475, 1.367, 1.475, 0.793, 1.631, 1.303]
 ratio_l_list = [0.97, 0.97, 0.72, 0.97, 0.72, 0.72, 0.72, 0.97, 0.72, 0.97, 0.72, 0.97, 0.72, 0.97, 0.72]
 value_0_list = [1.2, 1.2, 0.9, 1.2, 0.9, 0.9, 0.9, 1.2, 0.9, 1.2, 0.9, 1.2, 0.9, 1.2, 0.9]
 ratio_0_list = [1.72, 1.72, 4.92, 1.72, 4.92, 4.92, 4.92, 1.72, 4.92, 1.72, 4.92, 1.72, 4.92, 1.72, 4.92]
 option_num = 4
 capacity_consum = 1.2"
322257.4346458637,"{'x_CB7:40_0': 0.0, 'x_CB7:40_f': 0.0, 'x_CB7:40_l': 0.0, 'x_CB10:45_0': 0.0, 'x_CB10:45_f': 0.0, 'x_CB10:45_l': 0.0, 'x_AB11:20_0': 0.0, 'x_AB11:20_f': 0.0, 'x_AB11:20_l': 0.0, 'x_CB12:35_0': 0.0, 'x_CB12:35_f': 0.0, 'x_CB12:35_l': 0.0, 'x_AB12:40_0': 0.0, 'x_AB12:40_f': 0.0, 'x_AB12:40_l': 0.0, 'x_AB12:55_0': 0.0, 'x_AB12:55_f': 0.0, 'x_AB12:55_l': 0.0, 'x_AB13:55_0': 20.668604651162795, 'x_AB13:55_f': 64.37122093023257, 'x_AB13:55_l': 31.39331395348838, 'x_CB14:15_0': 0.0, 'x_CB14:15_f': 0.0, 'x_CB14:15_l': 0.0, 'x_AB16:05_0': 0.0, 'x_AB16:05_f': 0.0, 'x_AB16:05_l': 0.0, 'x_CB16:55_0': 0.0, 'x_CB16:55_f': 0.0, 'x_CB16:55_l': 0.0, 'x_AB17:05_0': 25.0614319222607, 'x_AB17:05_f': 78.05243742010748, 'x_AB17:05_l': 0.0, 'x_CB17:40_0': 0.0, 'x_CB17:40_f': 0.0, 'x_CB17:40_l': 0.0, 'x_AB18:00_0': 0.0, 'x_AB18:00_f': 0.0, 'x_AB18:00_l': 0.0, 'x_CB18:30_0': 0.0, 'x_CB18:30_f': 0.0, 'x_CB18:30_l': 0.0, 'x_AB22:45_0': 22.55129803877112, 'x_AB22:45_f': 66.9272411795085, 'x_AB22:45_l': 0.0}","{'y_AB13:55': 1.0, 'y_AB17:05': 1.0, 'y_AB22:45': 1.0}","pt = ['CB7:40', 'CB10:45', 'AB11:20', 'CB12:35', 'AB12:40', 'AB12:55', 'AB13:55', 'CB14:15', 'AB16:05', 'CB16:55', 'AB17:05', 'CB17:40', 'AB18:00', 'CB18:30', 'AB22:45']
 avg_price_f = [1484.6, 886.96, 1464.07, 883.77, 1467.29, 856.66, 1477.78, 1510.9, 852.25, 1583.0, 1475.07, 872.18, 833.23, 1523.0, 1455.47]
 avg_price_l = [450.8, 263.88, 441.88, 299.39, 505.8, 279.25, 464.67, 496.51, 275.1, 558.48, 461.18, 265.62, 261.39, 443.91, 436.14]
 avg_pax_f = [22.79, 127.86, 160.71, 156.57, 87.36, 131.43, 142.43, 33.71, 167.79, 2.0, 152.36, 127.36, 104.14, 13.57, 147.0]
 avg_pax_l= [4.1, 15.5, 18.64, 19.93, 25.0, 20.29, 28.21, 5.93, 25.43, 2.4, 27.14, 13.71, 13.64, 3.38, 12.14]
 value_f_list = [2.16, 1.916, 2.05, 2.826, 2.803, 2.803, 2.803, 2.826, 2.803, 2.826, 2.803, 2.826, 1.624, 3.126, 2.671]
 ratio_f_list = [0.97, 0.97, 0.72, 0.97, 0.72, 0.72, 0.72, 0.97, 0.72, 0.97, 0.72, 0.97, 0.72, 0.97, 0.72]
 value_l_list = [1.127, 1, 1, 1.475, 1.367, 1.367, 1.367, 1.475, 1.367, 1.475, 1.367, 1.475, 0.793, 1.631, 1.303]
 ratio_l_list = [0.97, 0.97, 0.72, 0.97, 0.72, 0.72, 0.72, 0.97, 0.72, 0.97, 0.72, 0.97, 0.72, 0.97, 0.72]
 value_0_list = [1.2, 1.2, 0.9, 1.2, 0.9, 0.9, 0.9, 1.2, 0.9, 1.2, 0.9, 1.2, 0.9, 1.2, 0.9]
 ratio_0_list = [1.72, 1.72, 4.92, 1.72, 4.92, 4.92, 4.92, 1.72, 4.92, 1.72, 4.92, 1.72, 4.92, 1.72, 4.92]
 option_num = 3
 capacity_consum = 1.2"
318074.82220244163,"{'x_BC9:05_0': 0.0, 'x_BC9:05_f': 0.0, 'x_BC9:05_l': 0.0, 'x_CB10:45_0': 0.0, 'x_CB10:45_f': 0.0, 'x_CB10:45_l': 0.0, 'x_AB11:20_0': 24.368206521739136, 'x_AB11:20_f': 55.505359299516925, 'x_AB11:20_l': 27.075785024154595, 'x_CB12:35_0': 0.0, 'x_CB12:35_f': 0.0, 'x_CB12:35_l': 0.0, 'x_AB12:40_0': 0.0, 'x_AB12:40_f': 0.0, 'x_AB12:40_l': 0.0, 'x_AB12:55_0': 0.0, 'x_AB12:55_f': 0.0, 'x_AB12:55_l': 0.0, 'x_AB13:55_0': 20.66860465116279, 'x_AB13:55_f': 64.37122093023257, 'x_AB13:55_l': 31.39331395348837, 'x_CB14:15_0': 0.0, 'x_CB14:15_f': 0.0, 'x_CB14:15_l': 0.0, 'x_AB16:05_0': 0.0, 'x_AB16:05_f': 0.0, 'x_AB16:05_l': 0.0, 'x_CB16:55_0': 0.0, 'x_CB16:55_f': 0.0, 'x_CB16:55_l': 0.0, 'x_AB17:05_0': 25.06143192226069, 'x_AB17:05_f': 78.05243742010747, 'x_AB17:05_l': 0.0, 'x_CB17:40_0': 0.0, 'x_CB17:40_f': 0.0, 'x_CB17:40_l': 0.0, 'x_AB18:00_0': 0.0, 'x_AB18:00_f': 0.0, 'x_AB18:00_l': 0.0}","{'y_AB11:20': 1.0, 'y_AB13:55': 1.0, 'y_AB17:05': 0.9999999999999998}","pt = ['BC9:05', 'CB10:45', 'AB11:20', 'CB12:35', 'AB12:40', 'AB12:55', 'AB13:55', 'CB14:15', 'AB16:05', 'CB16:55', 'AB17:05', 'CB17:40', 'AB18:00']
 avg_price_f = [1489.26, 886.96, 1464.07, 883.77, 1467.29, 856.66, 1477.78, 1510.9, 852.25, 1583.0, 1475.07, 872.18, 833.23]
 avg_price_l = [443.62, 263.88, 441.88, 299.39, 505.8, 279.25, 464.67, 496.51, 275.1, 558.48, 461.18, 265.62, 261.39]
 avg_pax_f = [17.5, 127.86, 160.71, 156.57, 87.36, 131.43, 142.43, 33.71, 167.79, 2.0, 152.36, 127.36, 104.14]
 avg_pax_l= [3.23, 15.5, 18.64, 19.93, 25.0, 20.29, 28.21, 5.93, 25.43, 2.4, 27.14, 13.71, 13.64]
 value_f_list = [1.864, 1.916, 2.05, 2.826, 2.803, 2.803, 2.803, 2.826, 2.803, 2.826, 2.803, 2.826, 1.624]
 ratio_f_list = [0.9, 0.97, 0.72, 0.97, 0.72, 0.72, 0.72, 0.97, 0.72, 0.97, 0.72, 0.97, 0.72]
 value_l_list = [1, 1, 1, 1.475, 1.367, 1.367, 1.367, 1.475, 1.367, 1.475, 1.367, 1.475, 0.793]
 ratio_l_list = [0.9, 0.97, 0.72, 0.97, 0.72, 0.72, 0.72, 0.97, 0.72, 0.97, 0.72, 0.97, 0.72]
 value_0_list = [2.0, 1.2, 0.9, 1.2, 0.9, 0.9, 0.9, 1.2, 0.9, 1.2, 0.9, 1.2, 0.9]
 ratio_0_list = [3.7, 1.72, 4.92, 1.72, 4.92, 4.92, 4.92, 1.72, 4.92, 1.72, 4.92, 1.72, 4.92]
 option_num = 3
 capacity_consum = 1.2"
409811.4657962833,"{'x_CB10:45_0': 0.0, 'x_CB10:45_f': 0.0, 'x_CB10:45_l': 0.0, 'x_AB11:20_0': 24.368206521739136, 'x_AB11:20_f': 55.50535929951695, 'x_AB11:20_l': 27.075785024154595, 'x_CB12:35_0': 44.077066190517776, 'x_CB12:35_f': 103.80149087866936, 'x_CB12:35_l': 0.0, 'x_AB12:40_0': 0.0, 'x_AB12:40_f': 0.0, 'x_AB12:40_l': 0.0, 'x_AB12:55_0': 0.0, 'x_AB12:55_f': 0.0, 'x_AB12:55_l': 0.0, 'x_AB13:55_0': 20.66860465116279, 'x_AB13:55_f': 64.37122093023257, 'x_AB13:55_l': 31.39331395348837, 'x_CB14:15_0': 0.0, 'x_CB14:15_f': 0.0, 'x_CB14:15_l': 0.0, 'x_AB16:05_0': 0.0, 'x_AB16:05_f': 0.0, 'x_AB16:05_l': 0.0, 'x_CB16:55_0': 0.0, 'x_CB16:55_f': 0.0, 'x_CB16:55_l': 0.0, 'x_AB17:05_0': 25.06143192226069, 'x_AB17:05_f': 78.05243742010747, 'x_AB17:05_l': 0.0, 'x_CB17:40_0': 0.0, 'x_CB17:40_f': 0.0, 'x_CB17:40_l': 0.0, 'x_AB18:00_0': 0.0, 'x_AB18:00_f': 0.0, 'x_AB18:00_l': 0.0, 'x_CB18:30_0': 0.0, 'x_CB18:30_f': 0.0, 'x_CB18:30_l': 0.0}","{'y_AB11:20': 1.0000000000000004, 'y_CB12:35': 0.9999999999999991, 'y_AB13:55': 1.0000000000000004, 'y_AB17:05': 1.0}","pt = ['CB10:45', 'AB11:20', 'CB12:35', 'AB12:40', 'AB12:55', 'AB13:55', 'CB14:15', 'AB16:05', 'CB16:55', 'AB17:05', 'CB17:40', 'AB18:00', 'CB18:30']
 avg_price_f = [886.96, 1464.07, 883.77, 1467.29, 856.66, 1477.78, 1510.9, 852.25, 1583.0, 1475.07, 872.18, 833.23, 1523.0]
 avg_price_l = [263.88, 441.88, 299.39, 505.8, 279.25, 464.67, 496.51, 275.1, 558.48, 461.18, 265.62, 261.39, 443.91]
 avg_pax_f = [127.86, 160.71, 156.57, 87.36, 131.43, 142.43, 33.71, 167.79, 2.0, 152.36, 127.36, 104.14, 13.57]
 avg_pax_l= [15.5, 18.64, 19.93, 25.0, 20.29, 28.21, 5.93, 25.43, 2.4, 27.14, 13.71, 13.64, 3.38]
 value_f_list = [1.916, 2.05, 2.826, 2.803, 2.803, 2.803, 2.826, 2.803, 2.826, 2.803, 2.826, 1.624, 3.126]
 ratio_f_list = [0.97, 0.72, 0.97, 0.72, 0.72, 0.72, 0.97, 0.72, 0.97, 0.72, 0.97, 0.72, 0.97]
 value_l_list = [1, 1, 1.475, 1.367, 1.367, 1.367, 1.475, 1.367, 1.475, 1.367, 1.475, 0.793, 1.631]
 ratio_l_list = [0.97, 0.72, 0.97, 0.72, 0.72, 0.72, 0.97, 0.72, 0.97, 0.72, 0.97, 0.72, 0.97]
 value_0_list = [1.2, 0.9, 1.2, 0.9, 0.9, 0.9, 1.2, 0.9, 1.2, 0.9, 1.2, 0.9, 1.2]
 ratio_0_list = [1.72, 4.92, 1.72, 4.92, 4.92, 4.92, 1.72, 4.92, 1.72, 4.92, 1.72, 4.92, 1.72]
 option_num = 4
 capacity_consum = 1.2"
482459.59832336125,"{'x_AB11:20_0': 24.36820652173914, 'x_AB11:20_f': 55.50535929951692, 'x_AB11:20_l': 27.075785024154598, 'x_CB12:35_0': 44.07706619051781, 'x_CB12:35_f': 103.80149087866944, 'x_CB12:35_l': 0.0, 'x_AB12:40_0': 13.609496124031004, 'x_AB12:40_f': 42.386019595176556, 'x_AB12:40_l': 20.67131244616709, 'x_AB12:55_0': 0.0, 'x_AB12:55_f': 0.0, 'x_AB12:55_l': 0.0, 'x_AB13:55_0': 20.66860465116279, 'x_AB13:55_f': 64.37122093023257, 'x_AB13:55_l': 31.39331395348837, 'x_CB14:15_0': 0.0, 'x_CB14:15_f': 0.0, 'x_CB14:15_l': 0.0, 'x_AB16:05_0': 0.0, 'x_AB16:05_f': 0.0, 'x_AB16:05_l': 0.0, 'x_CB16:55_0': 0.0, 'x_CB16:55_f': 0.0, 'x_CB16:55_l': 0.0, 'x_AB17:05_0': 25.0614319222607, 'x_AB17:05_f': 78.05243742010748, 'x_AB17:05_l': 0.0, 'x_CB17:40_0': 0.0, 'x_CB17:40_f': 0.0, 'x_CB17:40_l': 0.0, 'x_AB18:00_0': 0.0, 'x_AB18:00_f': 0.0, 'x_AB18:00_l': 0.0, 'x_CB18:30_0': 0.0, 'x_CB18:30_f': 0.0, 'x_CB18:30_l': 0.0, 'x_BC19:05_0': 0.0, 'x_BC19:05_f': 0.0, 'x_BC19:05_l': 0.0}","{'y_AB11:20': 1.0, 'y_CB12:35': 1.0, 'y_AB12:40': 1.0, 'y_AB13:55': 1.0, 'y_AB17:05': 1.0}","pt = ['AB11:20', 'CB12:35', 'AB12:40', 'AB12:55', 'AB13:55', 'CB14:15', 'AB16:05', 'CB16:55', 'AB17:05', 'CB17:40', 'AB18:00', 'CB18:30', 'BC19:05']
 avg_price_f = [1464.07, 883.77, 1467.29, 856.66, 1477.78, 1510.9, 852.25, 1583.0, 1475.07, 872.18, 833.23, 1523.0, 875.17]
 avg_price_l = [441.88, 299.39, 505.8, 279.25, 464.67, 496.51, 275.1, 558.48, 461.18, 265.62, 261.39, 443.91, 282.71]
 avg_pax_f = [160.71, 156.57, 87.36, 131.43, 142.43, 33.71, 167.79, 2.0, 152.36, 127.36, 104.14, 13.57, 137.14]
 avg_pax_l= [18.64, 19.93, 25.0, 20.29, 28.21, 5.93, 25.43, 2.4, 27.14, 13.71, 13.64, 3.38, 17.57]
 value_f_list = [2.05, 2.826, 2.803, 2.803, 2.803, 2.826, 2.803, 2.826, 2.803, 2.826, 1.624, 3.126, 2.411]
 ratio_f_list = [0.72, 0.97, 0.72, 0.72, 0.72, 0.97, 0.72, 0.97, 0.72, 0.97, 0.72, 0.97, 0.9]
 value_l_list = [1, 1.475, 1.367, 1.367, 1.367, 1.475, 1.367, 1.475, 1.367, 1.475, 0.793, 1.631, 1.293]
 ratio_l_list = [0.72, 0.97, 0.72, 0.72, 0.72, 0.97, 0.72, 0.97, 0.72, 0.97, 0.72, 0.97, 0.9]
 value_0_list = [0.9, 1.2, 0.9, 0.9, 0.9, 1.2, 0.9, 1.2, 0.9, 1.2, 0.9, 1.2, 2.0]
 ratio_0_list = [4.92, 1.72, 4.92, 4.92, 4.92, 1.72, 4.92, 1.72, 4.92, 1.72, 4.92, 1.72, 3.7]
 option_num = 5
 capacity_consum = 1.2"
482459.5983233612,"{'x_CB10:45_0': 0.0, 'x_CB10:45_f': 0.0, 'x_CB10:45_l': 0.0, 'x_AB11:20_0': 24.36820652173914, 'x_AB11:20_f': 55.50535929951692, 'x_AB11:20_l': 27.075785024154598, 'x_CB12:35_0': 44.077066190517805, 'x_CB12:35_f': 103.80149087866947, 'x_CB12:35_l': 0.0, 'x_AB12:40_0': 13.609496124031008, 'x_AB12:40_f': 42.38601959517653, 'x_AB12:40_l': 20.671312446167093, 'x_AB12:55_0': 0.0, 'x_AB12:55_f': 0.0, 'x_AB12:55_l': 0.0, 'x_AB13:55_0': 20.66860465116279, 'x_AB13:55_f': 64.37122093023257, 'x_AB13:55_l': 31.39331395348837, 'x_CB14:15_0': 0.0, 'x_CB14:15_f': 0.0, 'x_CB14:15_l': 0.0, 'x_AB16:05_0': 0.0, 'x_AB16:05_f': 0.0, 'x_AB16:05_l': 0.0, 'x_CB16:55_0': 0.0, 'x_CB16:55_f': 0.0, 'x_CB16:55_l': 0.0, 'x_AB17:05_0': 25.06143192226069, 'x_AB17:05_f': 78.05243742010747, 'x_AB17:05_l': 0.0, 'x_CB17:40_0': 0.0, 'x_CB17:40_f': 0.0, 'x_CB17:40_l': 0.0, 'x_AB18:00_0': 0.0, 'x_AB18:00_f': 0.0, 'x_AB18:00_l': 0.0, 'x_CB18:30_0': 0.0, 'x_CB18:30_f': 0.0, 'x_CB18:30_l': 0.0, 'x_BC19:05_0': 0.0, 'x_BC19:05_f': 0.0, 'x_BC19:05_l': 0.0, 'x_AB19:10_0': 0.0, 'x_AB19:10_f': 0.0, 'x_AB19:10_l': 0.0}","{'y_AB11:20': 1.0, 'y_CB12:35': 1.0, 'y_AB12:40': 0.9999999999999996, 'y_AB13:55': 1.0000000000000004, 'y_AB17:05': 1.0}","pt = ['CB10:45', 'AB11:20', 'CB12:35', 'AB12:40', 'AB12:55', 'AB13:55', 'CB14:15', 'AB16:05', 'CB16:55', 'AB17:05', 'CB17:40', 'AB18:00', 'CB18:30', 'BC19:05', 'AB19:10']
 avg_price_f = [886.96, 1464.07, 883.77, 1467.29, 856.66, 1477.78, 1510.9, 852.25, 1583.0, 1475.07, 872.18, 833.23, 1523.0, 875.17, 1466.01]
 avg_price_l = [263.88, 441.88, 299.39, 505.8, 279.25, 464.67, 496.51, 275.1, 558.48, 461.18, 265.62, 261.39, 443.91, 282.71, 433.96]
 avg_pax_f = [127.86, 160.71, 156.57, 87.36, 131.43, 142.43, 33.71, 167.79, 2.0, 152.36, 127.36, 104.14, 13.57, 137.14, 122.71]
 avg_pax_l= [15.5, 18.64, 19.93, 25.0, 20.29, 28.21, 5.93, 25.43, 2.4, 27.14, 13.71, 13.64, 3.38, 17.57, 19.07]
 value_f_list = [1.916, 2.05, 2.826, 2.803, 2.803, 2.803, 2.826, 2.803, 2.826, 2.803, 2.826, 1.624, 3.126, 2.411, 1.624]
 ratio_f_list = [0.97, 0.72, 0.97, 0.72, 0.72, 0.72, 0.97, 0.72, 0.97, 0.72, 0.97, 0.72, 0.97, 0.9, 0.72]
 value_l_list = [1, 1, 1.475, 1.367, 1.367, 1.367, 1.475, 1.367, 1.475, 1.367, 1.475, 0.793, 1.631, 1.293, 0.793]
 ratio_l_list = [0.97, 0.72, 0.97, 0.72, 0.72, 0.72, 0.97, 0.72, 0.97, 0.72, 0.97, 0.72, 0.97, 0.9, 0.72]
 value_0_list = [1.2, 0.9, 1.2, 0.9, 0.9, 0.9, 1.2, 0.9, 1.2, 0.9, 1.2, 0.9, 1.2, 2.0, 0.9]
 ratio_0_list = [1.72, 4.92, 1.72, 4.92, 4.92, 4.92, 1.72, 4.92, 1.72, 4.92, 1.72, 4.92, 1.72, 3.7, 4.92]
 option_num = 5
 capacity_consum = 1.2"
400707.31720244174,"{'x_CB7:40_0': 0.0, 'x_CB7:40_f': 0.0, 'x_CB7:40_l': 0.0, 'x_CB10:45_0': 0.0, 'x_CB10:45_f': 0.0, 'x_CB10:45_l': 0.0, 'x_AB11:20_0': 24.36820652173914, 'x_AB11:20_f': 55.50535929951691, 'x_AB11:20_l': 27.075785024154598, 'x_CB12:35_0': 49.886627906976635, 'x_CB12:35_f': 93.5000000000002, 'x_CB12:35_l': 0.0, 'x_AB12:40_0': 0.0, 'x_AB12:40_f': 0.0, 'x_AB12:40_l': 0.0, 'x_AB12:55_0': 0.0, 'x_AB12:55_f': 0.0, 'x_AB12:55_l': 0.0, 'x_AB13:55_0': 20.668604651162784, 'x_AB13:55_f': 64.37122093023254, 'x_AB13:55_l': 31.393313953488363, 'x_CB14:15_0': 0.0, 'x_CB14:15_f': 0.0, 'x_CB14:15_l': 0.0, 'x_AB16:05_0': 0.0, 'x_AB16:05_f': 0.0, 'x_AB16:05_l': 0.0, 'x_CB16:55_0': 0.0, 'x_CB16:55_f': 0.0, 'x_CB16:55_l': 0.0, 'x_AB17:05_0': 25.061431922260695, 'x_AB17:05_f': 78.05243742010747, 'x_AB17:05_l': 0.0, 'x_CB17:40_0': 0.0, 'x_CB17:40_f': 0.0, 'x_CB17:40_l': 0.0, 'x_AB18:00_0': 0.0, 'x_AB18:00_f': 0.0, 'x_AB18:00_l': 0.0, 'x_CB18:30_0': 0.0, 'x_CB18:30_f': 0.0, 'x_CB18:30_l': 0.0}","{'y_AB11:20': 0.9999999999999999, 'y_CB12:35': 1.0, 'y_AB13:55': 0.9999999999999993, 'y_AB17:05': 1.0}","pt = ['CB7:40', 'CB10:45', 'AB11:20', 'CB12:35', 'AB12:40', 'AB12:55', 'AB13:55', 'CB14:15', 'AB16:05', 'CB16:55', 'AB17:05', 'CB17:40', 'AB18:00', 'CB18:30']
 avg_price_f = [1484.6, 886.96, 1464.07, 883.77, 1467.29, 856.66, 1477.78, 1510.9, 852.25, 1583.0, 1475.07, 872.18, 833.23, 1523.0]
 avg_price_l = [450.8, 263.88, 441.88, 299.39, 505.8, 279.25, 464.67, 496.51, 275.1, 558.48, 461.18, 265.62, 261.39, 443.91]
 avg_pax_f = [22.79, 127.86, 160.71, 156.57, 87.36, 131.43, 142.43, 33.71, 167.79, 2.0, 152.36, 127.36, 104.14, 13.57]
 avg_pax_l= [4.1, 15.5, 18.64, 19.93, 25.0, 20.29, 28.21, 5.93, 25.43, 2.4, 27.14, 13.71, 13.64, 3.38]
 value_f_list = [2.16, 1.916, 2.05, 2.826, 2.803, 2.803, 2.803, 2.826, 2.803, 2.826, 2.803, 2.826, 1.624, 3.126]
 ratio_f_list = [0.97, 0.97, 0.72, 0.97, 0.72, 0.72, 0.72, 0.97, 0.72, 0.97, 0.72, 0.97, 0.72, 0.97]
 value_l_list = [1.127, 1, 1, 1.475, 1.367, 1.367, 1.367, 1.475, 1.367, 1.475, 1.367, 1.475, 0.793, 1.631]
 ratio_l_list = [0.97, 0.97, 0.72, 0.97, 0.72, 0.72, 0.72, 0.97, 0.72, 0.97, 0.72, 0.97, 0.72, 0.97]
 value_0_list = [1.2, 1.2, 0.9, 1.2, 0.9, 0.9, 0.9, 1.2, 0.9, 1.2, 0.9, 1.2, 0.9, 1.2]
 ratio_0_list = [1.72, 1.72, 4.92, 1.72, 4.92, 4.92, 4.92, 1.72, 4.92, 1.72, 4.92, 1.72, 4.92, 1.72]
 option_num = 4
 capacity_consum = 2"
322257.4346458637,"{'x_AB11:20_0': 0.0, 'x_AB11:20_f': 0.0, 'x_AB11:20_l': 0.0, 'x_CB12:35_0': 0.0, 'x_CB12:35_f': 0.0, 'x_CB12:35_l': 0.0, 'x_AB12:40_0': 0.0, 'x_AB12:40_f': 0.0, 'x_AB12:40_l': 0.0, 'x_AB12:55_0': 0.0, 'x_AB12:55_f': 0.0, 'x_AB12:55_l': 0.0, 'x_AB13:55_0': 20.668604651162795, 'x_AB13:55_f': 64.37122093023257, 'x_AB13:55_l': 31.39331395348838, 'x_CB14:15_0': 0.0, 'x_CB14:15_f': 0.0, 'x_CB14:15_l': 0.0, 'x_AB16:05_0': 0.0, 'x_AB16:05_f': 0.0, 'x_AB16:05_l': 0.0, 'x_CB16:55_0': 0.0, 'x_CB16:55_f': 0.0, 'x_CB16:55_l': 0.0, 'x_AB17:05_0': 25.0614319222607, 'x_AB17:05_f': 78.05243742010748, 'x_AB17:05_l': 0.0, 'x_CB17:40_0': 0.0, 'x_CB17:40_f': 0.0, 'x_CB17:40_l': 0.0, 'x_AB18:00_0': 0.0, 'x_AB18:00_f': 0.0, 'x_AB18:00_l': 0.0, 'x_CB18:30_0': 0.0, 'x_CB18:30_f': 0.0, 'x_CB18:30_l': 0.0, 'x_BC19:05_0': 0.0, 'x_BC19:05_f': 0.0, 'x_BC19:05_l': 0.0, 'x_AB19:10_0': 0.0, 'x_AB19:10_f': 0.0, 'x_AB19:10_l': 0.0, 'x_AB22:45_0': 22.55129803877112, 'x_AB22:45_f': 66.9272411795085, 'x_AB22:45_l': 0.0}","{'y_AB13:55': 1.0, 'y_AB17:05': 1.0, 'y_AB22:45': 1.0}","pt = ['AB11:20', 'CB12:35', 'AB12:40', 'AB12:55', 'AB13:55', 'CB14:15', 'AB16:05', 'CB16:55', 'AB17:05', 'CB17:40', 'AB18:00', 'CB18:30', 'BC19:05', 'AB19:10', 'AB22:45']
 avg_price_f = [1464.07, 883.77, 1467.29, 856.66, 1477.78, 1510.9, 852.25, 1583.0, 1475.07, 872.18, 833.23, 1523.0, 875.17, 1466.01, 1455.47]
 avg_price_l = [441.88, 299.39, 505.8, 279.25, 464.67, 496.51, 275.1, 558.48, 461.18, 265.62, 261.39, 443.91, 282.71, 433.96, 436.14]
 avg_pax_f = [160.71, 156.57, 87.36, 131.43, 142.43, 33.71, 167.79, 2.0, 152.36, 127.36, 104.14, 13.57, 137.14, 122.71, 147.0]
 avg_pax_l= [18.64, 19.93, 25.0, 20.29, 28.21, 5.93, 25.43, 2.4, 27.14, 13.71, 13.64, 3.38, 17.57, 19.07, 12.14]
 value_f_list = [2.05, 2.826, 2.803, 2.803, 2.803, 2.826, 2.803, 2.826, 2.803, 2.826, 1.624, 3.126, 2.411, 1.624, 2.671]
 ratio_f_list = [0.72, 0.97, 0.72, 0.72, 0.72, 0.97, 0.72, 0.97, 0.72, 0.97, 0.72, 0.97, 0.9, 0.72, 0.72]
 value_l_list = [1, 1.475, 1.367, 1.367, 1.367, 1.475, 1.367, 1.475, 1.367, 1.475, 0.793, 1.631, 1.293, 0.793, 1.303]
 ratio_l_list = [0.72, 0.97, 0.72, 0.72, 0.72, 0.97, 0.72, 0.97, 0.72, 0.97, 0.72, 0.97, 0.9, 0.72, 0.72]
 value_0_list = [0.9, 1.2, 0.9, 0.9, 0.9, 1.2, 0.9, 1.2, 0.9, 1.2, 0.9, 1.2, 2.0, 0.9, 0.9]
 ratio_0_list = [4.92, 1.72, 4.92, 4.92, 4.92, 1.72, 4.92, 1.72, 4.92, 1.72, 4.92, 1.72, 3.7, 4.92, 4.92]
 option_num = 3
 capacity_consum = 1.2"
322257.4346458637,"{'x_BA9:05_0': 0.0, 'x_BA9:05_f': 0.0, 'x_BA9:05_l': 0.0, 'x_BC9:05_0': 0.0, 'x_BC9:05_f': 0.0, 'x_BC9:05_l': 0.0, 'x_AB11:20_0': 0.0, 'x_AB11:20_f': 0.0, 'x_AB11:20_l': 0.0, 'x_BC11:20_0': 0.0, 'x_BC11:20_f': 0.0, 'x_BC11:20_l': 0.0, 'x_BA12:25_0': 0.0, 'x_BA12:25_f': 0.0, 'x_BA12:25_l': 0.0, 'x_BC12:25_0': 0.0, 'x_BC12:25_f': 0.0, 'x_BC12:25_l': 0.0, 'x_AB12:40_0': 0.0, 'x_AB12:40_f': 0.0, 'x_AB12:40_l': 0.0, 'x_AB12:55_0': 0.0, 'x_AB12:55_f': 0.0, 'x_AB12:55_l': 0.0, 'x_AB13:55_0': 20.668604651162788, 'x_AB13:55_f': 64.37122093023257, 'x_AB13:55_l': 31.393313953488367, 'x_BA14:25_0': 0.0, 'x_BA14:25_f': 0.0, 'x_BA14:25_l': 0.0, 'x_BC14:25_0': 0.0, 'x_BC14:25_f': 0.0, 'x_BC14:25_l': 0.0, 'x_BC15:40_0': 0.0, 'x_BC15:40_f': 0.0, 'x_BC15:40_l': 0.0, 'x_BA15:40_0': 0.0, 'x_BA15:40_f': 0.0, 'x_BA15:40_l': 0.0, 'x_AB16:05_0': 0.0, 'x_AB16:05_f': 0.0, 'x_AB16:05_l': 0.0, 'x_BC16:30_0': 0.0, 'x_BC16:30_f': 0.0, 'x_BC16:30_l': 0.0, 'x_AB17:05_0': 25.0614319222607, 'x_AB17:05_f': 78.05243742010748, 'x_AB17:05_l': 0.0, 'x_AB18:00_0': 0.0, 'x_AB18:00_f': 0.0, 'x_AB18:00_l': 0.0, 'x_BA18:50_0': 0.0, 'x_BA18:50_f': 0.0, 'x_BA18:50_l': 0.0, 'x_BC19:05_0': 0.0, 'x_BC19:05_f': 0.0, 'x_BC19:05_l': 0.0, 'x_AB19:10_0': 0.0, 'x_AB19:10_f': 0.0, 'x_AB19:10_l': 0.0, 'x_AB22:45_0': 22.551298038771115, 'x_AB22:45_f': 66.9272411795085, 'x_AB22:45_l': 0.0}","{'y_AB13:55': 1.0000000000000002, 'y_AB17:05': 1.0, 'y_AB22:45': 1.0}","pt = ['BA9:05', 'BC9:05', 'AB11:20', 'BC11:20', 'BA12:25', 'BC12:25', 'AB12:40', 'AB12:55', 'AB13:55', 'BA14:25', 'BC14:25', 'BC15:40', 'BA15:40', 'AB16:05', 'BC16:30', 'AB17:05', 'AB18:00', 'BA18:50', 'BC19:05', 'AB19:10', 'AB22:45']
 avg_price_f = [1443.6, 1489.26, 1464.07, 873.59, 1479.64, 1520.65, 1467.29, 856.66, 1477.78, 1480.24, 1521.05, 1544.13, 1475.99, 852.25, 907.06, 1475.07, 833.23, 1462.12, 875.17, 1466.01, 1455.47]
 avg_price_l = [424.67, 443.62, 441.88, 269.24, 470.28, 596.44, 505.8, 279.25, 464.67, 470.65, 821.73, 483.3, 444.2, 275.1, 268.12, 461.18, 261.39, 447.25, 282.71, 433.96, 436.14]
 avg_pax_f = [148.93, 17.5, 160.71, 133.14, 103.79, 36.0, 87.36, 131.43, 142.43, 133.0, 9.4, 11.69, 144.71, 167.79, 92.36, 152.36, 104.14, 152.36, 137.14, 122.71, 147.0]
 avg_pax_l= [17.21, 3.23, 18.64, 14.5, 23.36, 3.79, 25.0, 20.29, 28.21, 28.93, 1.67, 3.27, 22.71, 25.43, 6.36, 27.14, 13.64, 26.29, 17.57, 19.07, 12.14]
 value_f_list = [1.864, 1.864, 2.05, 1.864, 3.079, 3.079, 2.803, 2.803, 2.803, 3.079, 3.079, 3.079, 3.079, 2.803, 3.079, 2.803, 1.624, 2.411, 2.411, 1.624, 2.671]
 ratio_f_list = [0.9, 0.9, 0.72, 0.9, 0.9, 0.9, 0.72, 0.72, 0.72, 0.9, 0.9, 0.9, 0.9, 0.72, 0.9, 0.72, 0.72, 0.9, 0.9, 0.72, 0.72]
 value_l_list = [1, 1, 1, 1, 1.652, 1.652, 1.367, 1.367, 1.367, 1.652, 1.652, 1.652, 1.652, 1.367, 1.652, 1.367, 0.793, 1.293, 1.293, 0.793, 1.303]
 ratio_l_list = [0.9, 0.9, 0.72, 0.9, 0.9, 0.9, 0.72, 0.72, 0.72, 0.9, 0.9, 0.9, 0.9, 0.72, 0.9, 0.72, 0.72, 0.9, 0.9, 0.72, 0.72]
 value_0_list = [2.0, 2.0, 0.9, 2.0, 2.0, 2.0, 0.9, 0.9, 0.9, 2.0, 2.0, 2.0, 2.0, 0.9, 2.0, 0.9, 0.9, 2.0, 2.0, 0.9, 0.9]
 ratio_0_list = [3.7, 3.7, 4.92, 3.7, 3.7, 3.7, 4.92, 4.92, 4.92, 3.7, 3.7, 3.7, 3.7, 4.92, 3.7, 4.92, 4.92, 3.7, 3.7, 4.92, 4.92]
 option_num = 3
 capacity_consum = 1.2"
415485.4139219809,"{'x_BA9:05_0': 0.0, 'x_BA9:05_f': 0.0, 'x_BA9:05_l': 0.0, 'x_BC9:05_0': 0.0, 'x_BC9:05_f': 0.0, 'x_BC9:05_l': 0.0, 'x_AB11:20_0': 24.368206521739147, 'x_AB11:20_f': 55.50535929951695, 'x_AB11:20_l': 27.075785024154605, 'x_BC11:20_0': 0.0, 'x_BC11:20_f': 0.0, 'x_BC11:20_l': 0.0, 'x_BA12:25_0': 0.0, 'x_BA12:25_f': 0.0, 'x_BA12:25_l': 0.0, 'x_BC12:25_0': 0.0, 'x_BC12:25_f': 0.0, 'x_BC12:25_l': 0.0, 'x_AB12:40_0': 0.0, 'x_AB12:40_f': 0.0, 'x_AB12:40_l': 0.0, 'x_AB12:55_0': 0.0, 'x_AB12:55_f': 0.0, 'x_AB12:55_l': 0.0, 'x_AB13:55_0': 20.668604651162795, 'x_AB13:55_f': 64.37122093023254, 'x_AB13:55_l': 31.39331395348838, 'x_BA14:25_0': 0.0, 'x_BA14:25_f': 0.0, 'x_BA14:25_l': 0.0, 'x_BC14:25_0': 0.0, 'x_BC14:25_f': 0.0, 'x_BC14:25_l': 0.0, 'x_BC15:40_0': 0.0, 'x_BC15:40_f': 0.0, 'x_BC15:40_l': 0.0, 'x_BA15:40_0': 0.0, 'x_BA15:40_f': 0.0, 'x_BA15:40_l': 0.0, 'x_AB16:05_0': 0.0, 'x_AB16:05_f': 0.0, 'x_AB16:05_l': 0.0, 'x_BC16:30_0': 0.0, 'x_BC16:30_f': 0.0, 'x_BC16:30_l': 0.0, 'x_AB17:05_0': 25.061431922260695, 'x_AB17:05_f': 78.05243742010747, 'x_AB17:05_l': 0.0, 'x_AB18:00_0': 0.0, 'x_AB18:00_f': 0.0, 'x_AB18:00_l': 0.0, 'x_BA18:50_0': 0.0, 'x_BA18:50_f': 0.0, 'x_BA18:50_l': 0.0, 'x_BC19:05_0': 0.0, 'x_BC19:05_f': 0.0, 'x_BC19:05_l': 0.0, 'x_AB19:10_0': 0.0, 'x_AB19:10_f': 0.0, 'x_AB19:10_l': 0.0, 'x_AB22:45_0': 22.55129803877112, 'x_AB22:45_f': 66.92724117950851, 'x_AB22:45_l': 0.0}","{'y_AB11:20': 1.0000000000000007, 'y_AB13:55': 1.0, 'y_AB17:05': 1.0, 'y_AB22:45': 1.0}","pt = ['BA9:05', 'BC9:05', 'AB11:20', 'BC11:20', 'BA12:25', 'BC12:25', 'AB12:40', 'AB12:55', 'AB13:55', 'BA14:25', 'BC14:25', 'BC15:40', 'BA15:40', 'AB16:05', 'BC16:30', 'AB17:05', 'AB18:00', 'BA18:50', 'BC19:05', 'AB19:10', 'AB22:45']
 avg_price_f = [1443.6, 1489.26, 1464.07, 873.59, 1479.64, 1520.65, 1467.29, 856.66, 1477.78, 1480.24, 1521.05, 1544.13, 1475.99, 852.25, 907.06, 1475.07, 833.23, 1462.12, 875.17, 1466.01, 1455.47]
 avg_price_l = [424.67, 443.62, 441.88, 269.24, 470.28, 596.44, 505.8, 279.25, 464.67, 470.65, 821.73, 483.3, 444.2, 275.1, 268.12, 461.18, 261.39, 447.25, 282.71, 433.96, 436.14]
 avg_pax_f = [148.93, 17.5, 160.71, 133.14, 103.79, 36.0, 87.36, 131.43, 142.43, 133.0, 9.4, 11.69, 144.71, 167.79, 92.36, 152.36, 104.14, 152.36, 137.14, 122.71, 147.0]
 avg_pax_l= [17.21, 3.23, 18.64, 14.5, 23.36, 3.79, 25.0, 20.29, 28.21, 28.93, 1.67, 3.27, 22.71, 25.43, 6.36, 27.14, 13.64, 26.29, 17.57, 19.07, 12.14]
 value_f_list = [1.864, 1.864, 2.05, 1.864, 3.079, 3.079, 2.803, 2.803, 2.803, 3.079, 3.079, 3.079, 3.079, 2.803, 3.079, 2.803, 1.624, 2.411, 2.411, 1.624, 2.671]
 ratio_f_list = [0.9, 0.9, 0.72, 0.9, 0.9, 0.9, 0.72, 0.72, 0.72, 0.9, 0.9, 0.9, 0.9, 0.72, 0.9, 0.72, 0.72, 0.9, 0.9, 0.72, 0.72]
 value_l_list = [1, 1, 1, 1, 1.652, 1.652, 1.367, 1.367, 1.367, 1.652, 1.652, 1.652, 1.652, 1.367, 1.652, 1.367, 0.793, 1.293, 1.293, 0.793, 1.303]
 ratio_l_list = [0.9, 0.9, 0.72, 0.9, 0.9, 0.9, 0.72, 0.72, 0.72, 0.9, 0.9, 0.9, 0.9, 0.72, 0.9, 0.72, 0.72, 0.9, 0.9, 0.72, 0.72]
 value_0_list = [2.0, 2.0, 0.9, 2.0, 2.0, 2.0, 0.9, 0.9, 0.9, 2.0, 2.0, 2.0, 2.0, 0.9, 2.0, 0.9, 0.9, 2.0, 2.0, 0.9, 0.9]
 ratio_0_list = [3.7, 3.7, 4.92, 3.7, 3.7, 3.7, 4.92, 4.92, 4.92, 3.7, 3.7, 3.7, 3.7, 4.92, 3.7, 4.92, 4.92, 3.7, 3.7, 4.92, 4.92]
 option_num = 4
 capacity_consum = 2"
441816.3470195764,"{'x_BA9:05_0': 0.0, 'x_BA9:05_f': 0.0, 'x_BA9:05_l': 0.0, 'x_BC9:05_0': 0.0, 'x_BC9:05_f': 0.0, 'x_BC9:05_l': 0.0, 'x_AB11:20_0': 27.262195121951255, 'x_AB11:20_f': 62.0972222222223, 'x_AB11:20_l': 0.7083333333331441, 'x_BC11:20_0': 0.0, 'x_BC11:20_f': 0.0, 'x_BC11:20_l': 0.0, 'x_BA12:25_0': 0.0, 'x_BA12:25_f': 0.0, 'x_BA12:25_l': 0.0, 'x_BC12:25_0': 0.0, 'x_BC12:25_f': 0.0, 'x_BC12:25_l': 0.0, 'x_AB12:40_0': 0.0, 'x_AB12:40_f': 0.0, 'x_AB12:40_l': 0.0, 'x_AB12:55_0': 0.0, 'x_AB12:55_f': 0.0, 'x_AB12:55_l': 0.0, 'x_AB13:55_0': 20.01427042454513, 'x_AB13:55_f': 62.333333333333336, 'x_AB13:55_l': 0.0, 'x_BA14:25_0': 0.0, 'x_BA14:25_f': 0.0, 'x_BA14:25_l': 0.0, 'x_BC14:25_0': 0.0, 'x_BC14:25_f': 0.0, 'x_BC14:25_l': 0.0, 'x_BC15:40_0': 0.0, 'x_BC15:40_f': 0.0, 'x_BC15:40_l': 0.0, 'x_BA15:40_0': 28.722154075776952, 'x_BA15:40_f': 44.217756199658616, 'x_BA15:40_l': 23.724499266591707, 'x_AB16:05_0': 0.0, 'x_AB16:05_f': 0.0, 'x_AB16:05_l': 0.0, 'x_BC16:30_0': 0.0, 'x_BC16:30_f': 0.0, 'x_BC16:30_l': 0.0, 'x_AB17:05_0': 20.01427042454513, 'x_AB17:05_f': 62.333333333333336, 'x_AB17:05_l': 0.0, 'x_AB18:00_0': 0.0, 'x_AB18:00_f': 0.0, 'x_AB18:00_l': 0.0, 'x_BA18:50_0': 0.0, 'x_BA18:50_f': 0.0, 'x_BA18:50_l': 0.0, 'x_BC19:05_0': 0.0, 'x_BC19:05_f': 0.0, 'x_BC19:05_l': 0.0, 'x_AB19:10_0': 0.0, 'x_AB19:10_f': 0.0, 'x_AB19:10_l': 0.0, 'x_BA20:25_0': 0.0, 'x_BA20:25_f': 0.0, 'x_BA20:25_l': 0.0, 'x_AB22:45_0': 21.003369524522654, 'x_AB22:45_f': 62.333333333333336, 'x_AB22:45_l': 0.0}","{'y_AB11:20': 1.0000000000000004, 'y_AB13:55': 1.0, 'y_BA15:40': 1.0, 'y_AB17:05': 1.0, 'y_AB22:45': 1.0}","pt = ['BA9:05', 'BC9:05', 'AB11:20', 'BC11:20', 'BA12:25', 'BC12:25', 'AB12:40', 'AB12:55', 'AB13:55', 'BA14:25', 'BC14:25', 'BC15:40', 'BA15:40', 'AB16:05', 'BC16:30', 'AB17:05', 'AB18:00', 'BA18:50', 'BC19:05', 'AB19:10', 'BA20:25', 'AB22:45']
 avg_price_f = [1443.6, 1489.26, 1464.07, 873.59, 1479.64, 1520.65, 1467.29, 856.66, 1477.78, 1480.24, 1521.05, 1544.13, 1475.99, 852.25, 907.06, 1475.07, 833.23, 1462.12, 875.17, 1466.01, 1462.84, 1455.47]
 avg_price_l = [424.67, 443.62, 441.88, 269.24, 470.28, 596.44, 505.8, 279.25, 464.67, 470.65, 821.73, 483.3, 444.2, 275.1, 268.12, 461.18, 261.39, 447.25, 282.71, 433.96, 423.5, 436.14]
 avg_pax_f = [148.93, 17.5, 160.71, 133.14, 103.79, 36.0, 87.36, 131.43, 142.43, 133.0, 9.4, 11.69, 144.71, 167.79, 92.36, 152.36, 104.14, 152.36, 137.14, 122.71, 166.79, 147.0]
 avg_pax_l= [17.21, 3.23, 18.64, 14.5, 23.36, 3.79, 25.0, 20.29, 28.21, 28.93, 1.67, 3.27, 22.71, 25.43, 6.36, 27.14, 13.64, 26.29, 17.57, 19.07, 14.29, 12.14]
 value_f_list = [1.864, 1.864, 2.05, 1.864, 3.079, 3.079, 2.803, 2.803, 2.803, 3.079, 3.079, 3.079, 3.079, 2.803, 3.079, 2.803, 1.624, 2.411, 2.411, 1.624, 2.411, 2.671]
 ratio_f_list = [0.9, 0.9, 0.72, 0.9, 0.9, 0.9, 0.72, 0.72, 0.72, 0.9, 0.9, 0.9, 0.9, 0.72, 0.9, 0.72, 0.72, 0.9, 0.9, 0.72, 0.9, 0.72]
 value_l_list = [1, 1, 1, 1, 1.652, 1.652, 1.367, 1.367, 1.367, 1.652, 1.652, 1.652, 1.652, 1.367, 1.652, 1.367, 0.793, 1.293, 1.293, 0.793, 1.293, 1.303]
 ratio_l_list = [0.9, 0.9, 0.72, 0.9, 0.9, 0.9, 0.72, 0.72, 0.72, 0.9, 0.9, 0.9, 0.9, 0.72, 0.9, 0.72, 0.72, 0.9, 0.9, 0.72, 0.9, 0.72]
 value_0_list = [2.0, 2.0, 0.9, 2.0, 2.0, 2.0, 0.9, 0.9, 0.9, 2.0, 2.0, 2.0, 2.0, 0.9, 2.0, 0.9, 0.9, 2.0, 2.0, 0.9, 2.0, 0.9]
 ratio_0_list = [3.7, 3.7, 4.92, 3.7, 3.7, 3.7, 4.92, 4.92, 4.92, 3.7, 3.7, 3.7, 3.7, 4.92, 3.7, 4.92, 4.92, 3.7, 3.7, 4.92, 3.7, 4.92]
 option_num = 5
 capacity_consum = 3"
674003.572449358,"{'x_CA7:40_0': 45.79053664166185, 'x_CA7:40_f': 82.42296595499134, 'x_CA7:40_l': 0.0, 'x_CB7:40_0': 0.0, 'x_CB7:40_f': 0.0, 'x_CB7:40_l': 0.0, 'x_BA9:05_0': 0.0, 'x_BA9:05_f': 0.0, 'x_BA9:05_l': 0.0, 'x_BC9:05_0': 0.0, 'x_BC9:05_f': 0.0, 'x_BC9:05_l': 0.0, 'x_BC11:20_0': 0.0, 'x_BC11:20_f': 0.0, 'x_BC11:20_l': 0.0, 'x_BA12:25_0': 0.0, 'x_BA12:25_f': 0.0, 'x_BA12:25_l': 0.0, 'x_BC12:25_0': 0.0, 'x_BC12:25_f': 0.0, 'x_BC12:25_l': 0.0, 'x_CB12:35_0': 44.07706619051781, 'x_CB12:35_f': 103.80149087866945, 'x_CB12:35_l': 0.0, 'x_CA14:15_0': 27.34526202754503, 'x_CA14:15_f': 64.39809207486854, 'x_CA14:15_l': 0.0, 'x_CB14:15_0': 0.0, 'x_CB14:15_f': 0.0, 'x_CB14:15_l': 0.0, 'x_BA14:25_0': 0.0, 'x_BA14:25_f': 0.0, 'x_BA14:25_l': 0.0, 'x_BC14:25_0': 0.0, 'x_BC14:25_f': 0.0, 'x_BC14:25_l': 0.0, 'x_BA15:40_0': 0.0, 'x_BA15:40_f': 0.0, 'x_BA15:40_l': 0.0, 'x_BC15:40_0': 0.0, 'x_BC15:40_f': 0.0, 'x_BC15:40_l': 0.0, 'x_BC16:30_0': 0.0, 'x_BC16:30_f': 0.0, 'x_BC16:30_l': 0.0, 'x_CA16:55_0': 43.40030217138861, 'x_CA16:55_f': 102.20771161362018, 'x_CA16:55_l': 0.0, 'x_CB17:40_0': 0.0, 'x_CB17:40_f': 0.0, 'x_CB17:40_l': 0.0, 'x_CA18:30_0': 39.20552880370157, 'x_CA18:30_f': 102.13040253364258, 'x_CA18:30_l': 0.0, 'x_CB18:30_0': 0.0, 'x_CB18:30_f': 0.0, 'x_CB18:30_l': 0.0, 'x_BA18:50_0': 0.0, 'x_BA18:50_f': 0.0, 'x_BA18:50_l': 0.0, 'x_BC19:05_0': 0.0, 'x_BC19:05_f': 0.0, 'x_BC19:05_l': 0.0, 'x_BA20:25_0': 0.0, 'x_BA20:25_f': 0.0, 'x_BA20:25_l': 0.0}","{'y_CA7:40': 1.0, 'y_CB12:35': 1.0, 'y_CA14:15': 1.0, 'y_CA16:55': 1.0, 'y_CA18:30': 1.0}","pt = ['CA7:40', 'CB7:40', 'BA9:05', 'BC9:05', 'BC11:20', 'BA12:25', 'BC12:25', 'CB12:35', 'CA14:15', 'CB14:15', 'BA14:25', 'BC14:25', 'BA15:40', 'BC15:40', 'BC16:30', 'CA16:55', 'CB17:40', 'CA18:30', 'CB18:30', 'BA18:50', 'BC19:05', 'BA20:25']
 avg_price_f = [1656.11, 1484.6, 1443.6, 1489.26, 873.59, 1479.64, 1520.65, 883.77, 1638.05, 1510.9, 1480.24, 1521.05, 1475.99, 1544.13, 907.06, 1665.33, 872.18, 1665.21, 1523.0, 1462.12, 875.17, 1462.84]
 avg_price_l = [476.24, 450.8, 424.67, 443.62, 269.24, 470.28, 596.44, 299.39, 531.5, 496.51, 470.65, 821.73, 444.2, 483.3, 268.12, 493.28, 265.62, 463.64, 443.91, 447.25, 282.71, 423.5]
 avg_pax_f = [141.71, 22.79, 148.93, 17.5, 133.14, 103.79, 36.0, 156.57, 91.64, 33.71, 133.0, 9.4, 144.71, 11.69, 92.36, 149.29, 127.36, 149.07, 13.57, 152.36, 137.14, 166.79]
 avg_pax_l= [17.0, 4.1, 17.21, 3.23, 14.5, 23.36, 3.79, 19.93, 17.86, 5.93, 28.93, 1.67, 22.71, 3.27, 6.36, 24.5, 13.71, 17.43, 3.38, 26.29, 17.57, 14.29]
 value_f_list = [2.16, 2.16, 1.864, 1.864, 1.864, 3.079, 3.079, 2.826, 2.826, 2.826, 3.079, 3.079, 3.079, 3.079, 3.079, 2.826, 2.826, 3.126, 3.126, 2.411, 2.411, 2.411]
 ratio_f_list = [0.97, 0.97, 0.9, 0.9, 0.9, 0.9, 0.9, 0.97, 0.97, 0.97, 0.9, 0.9, 0.9, 0.9, 0.9, 0.97, 0.97, 0.97, 0.97, 0.9, 0.9, 0.9]
 value_l_list = [1.127, 1.127, 1, 1, 1, 1.652, 1.652, 1.475, 1.475, 1.475, 1.652, 1.652, 1.652, 1.652, 1.652, 1.475, 1.475, 1.631, 1.631, 1.293, 1.293, 1.293]
 ratio_l_list = [0.97, 0.97, 0.9, 0.9, 0.9, 0.9, 0.9, 0.97, 0.97, 0.97, 0.9, 0.9, 0.9, 0.9, 0.9, 0.97, 0.97, 0.97, 0.97, 0.9, 0.9, 0.9]
 value_0_list = [1.2, 1.2, 2.0, 2.0, 2.0, 2.0, 2.0, 1.2, 1.2, 1.2, 2.0, 2.0, 2.0, 2.0, 2.0, 1.2, 1.2, 1.2, 1.2, 2.0, 2.0, 2.0]
 ratio_0_list = [1.72, 1.72, 3.7, 3.7, 3.7, 3.7, 3.7, 1.72, 1.72, 1.72, 3.7, 3.7, 3.7, 3.7, 3.7, 1.72, 1.72, 1.72, 1.72, 3.7, 3.7, 3.7]
 option_num = 5
 capacity_consum = 1.2"
636026.7778709595,"{'x_CA7:40_0': 45.79053664166186, 'x_CA7:40_f': 82.42296595499135, 'x_CA7:40_l': 0.0, 'x_CB7:40_0': 0.0, 'x_CB7:40_f': 0.0, 'x_CB7:40_l': 0.0, 'x_BA9:05_0': 0.0, 'x_BA9:05_f': 0.0, 'x_BA9:05_l': 0.0, 'x_BC9:05_0': 0.0, 'x_BC9:05_f': 0.0, 'x_BC9:05_l': 0.0, 'x_BC11:20_0': 0.0, 'x_BC11:20_f': 0.0, 'x_BC11:20_l': 0.0, 'x_BA12:25_0': 0.0, 'x_BA12:25_f': 0.0, 'x_BA12:25_l': 0.0, 'x_BC12:25_0': 0.0, 'x_BC12:25_f': 0.0, 'x_BC12:25_l': 0.0, 'x_CB12:35_0': 49.88662790697664, 'x_CB12:35_f': 93.50000000000031, 'x_CB12:35_l': 0.0, 'x_CA14:15_0': 27.34526202754504, 'x_CA14:15_f': 64.39809207486857, 'x_CA14:15_l': 0.0, 'x_CB14:15_0': 0.0, 'x_CB14:15_f': 0.0, 'x_CB14:15_l': 0.0, 'x_BA14:25_0': 0.0, 'x_BA14:25_f': 0.0, 'x_BA14:25_l': 0.0, 'x_BC14:25_0': 0.0, 'x_BC14:25_f': 0.0, 'x_BC14:25_l': 0.0, 'x_BA15:40_0': 0.0, 'x_BA15:40_f': 0.0, 'x_BA15:40_l': 0.0, 'x_BC15:40_0': 0.0, 'x_BC15:40_f': 0.0, 'x_BC15:40_l': 0.0, 'x_BC16:30_0': 0.0, 'x_BC16:30_f': 0.0, 'x_BC16:30_l': 0.0, 'x_CA16:55_0': 39.70276008492569, 'x_CA16:55_f': 93.5, 'x_CA16:55_l': 0.0, 'x_CB17:40_0': 0.0, 'x_CB17:40_f': 0.0, 'x_CB17:40_l': 0.0, 'x_CA18:30_0': 44.072674418604656, 'x_CA18:30_f': 93.5, 'x_CA18:30_l': 0.0, 'x_CB18:30_0': 0.0, 'x_CB18:30_f': 0.0, 'x_CB18:30_l': 0.0, 'x_BA18:50_0': 0.0, 'x_BA18:50_f': 0.0, 'x_BA18:50_l': 0.0, 'x_BC19:05_0': 0.0, 'x_BC19:05_f': 0.0, 'x_BC19:05_l': 0.0, 'x_BA20:25_0': 0.0, 'x_BA20:25_f': 0.0, 'x_BA20:25_l': 0.0}","{'y_CA7:40': 1.0000000000000002, 'y_CB12:35': 1.0000000000000022, 'y_CA14:15': 0.9999999999999996, 'y_CA16:55': 1.0, 'y_CA18:30': 1.0}","pt = ['CA7:40', 'CB7:40', 'BA9:05', 'BC9:05', 'BC11:20', 'BA12:25', 'BC12:25', 'CB12:35', 'CA14:15', 'CB14:15', 'BA14:25', 'BC14:25', 'BA15:40', 'BC15:40', 'BC16:30', 'CA16:55', 'CB17:40', 'CA18:30', 'CB18:30', 'BA18:50', 'BC19:05', 'BA20:25']
 avg_price_f = [1656.11, 1484.6, 1443.6, 1489.26, 873.59, 1479.64, 1520.65, 883.77, 1638.05, 1510.9, 1480.24, 1521.05, 1475.99, 1544.13, 907.06, 1665.33, 872.18, 1665.21, 1523.0, 1462.12, 875.17, 1462.84]
 avg_price_l = [476.24, 450.8, 424.67, 443.62, 269.24, 470.28, 596.44, 299.39, 531.5, 496.51, 470.65, 821.73, 444.2, 483.3, 268.12, 493.28, 265.62, 463.64, 443.91, 447.25, 282.71, 423.5]
 avg_pax_f = [141.71, 22.79, 148.93, 17.5, 133.14, 103.79, 36.0, 156.57, 91.64, 33.71, 133.0, 9.4, 144.71, 11.69, 92.36, 149.29, 127.36, 149.07, 13.57, 152.36, 137.14, 166.79]
 avg_pax_l= [17.0, 4.1, 17.21, 3.23, 14.5, 23.36, 3.79, 19.93, 17.86, 5.93, 28.93, 1.67, 22.71, 3.27, 6.36, 24.5, 13.71, 17.43, 3.38, 26.29, 17.57, 14.29]
 value_f_list = [2.16, 2.16, 1.864, 1.864, 1.864, 3.079, 3.079, 2.826, 2.826, 2.826, 3.079, 3.079, 3.079, 3.079, 3.079, 2.826, 2.826, 3.126, 3.126, 2.411, 2.411, 2.411]
 ratio_f_list = [0.97, 0.97, 0.9, 0.9, 0.9, 0.9, 0.9, 0.97, 0.97, 0.97, 0.9, 0.9, 0.9, 0.9, 0.9, 0.97, 0.97, 0.97, 0.97, 0.9, 0.9, 0.9]
 value_l_list = [1.127, 1.127, 1, 1, 1, 1.652, 1.652, 1.475, 1.475, 1.475, 1.652, 1.652, 1.652, 1.652, 1.652, 1.475, 1.475, 1.631, 1.631, 1.293, 1.293, 1.293]
 ratio_l_list = [0.97, 0.97, 0.9, 0.9, 0.9, 0.9, 0.9, 0.97, 0.97, 0.97, 0.9, 0.9, 0.9, 0.9, 0.9, 0.97, 0.97, 0.97, 0.97, 0.9, 0.9, 0.9]
 value_0_list = [1.2, 1.2, 2.0, 2.0, 2.0, 2.0, 2.0, 1.2, 1.2, 1.2, 2.0, 2.0, 2.0, 2.0, 2.0, 1.2, 1.2, 1.2, 1.2, 2.0, 2.0, 2.0]
 ratio_0_list = [1.72, 1.72, 3.7, 3.7, 3.7, 3.7, 3.7, 1.72, 1.72, 1.72, 3.7, 3.7, 3.7, 3.7, 3.7, 1.72, 1.72, 1.72, 1.72, 3.7, 3.7, 3.7]
 option_num = 5
 capacity_consum = 2"
488743.0218806876,"{'x_CA7:40_0': 34.629629629629655, 'x_CA7:40_f': 62.33333333333333, 'x_CA7:40_l': 0.0, 'x_CB7:40_0': 0.0, 'x_CB7:40_f': 0.0, 'x_CB7:40_l': 0.0, 'x_BA9:05_0': 0.0, 'x_BA9:05_f': 0.0, 'x_BA9:05_l': 0.0, 'x_BC9:05_0': 0.0, 'x_BC9:05_f': 0.0, 'x_BC9:05_l': 0.0, 'x_BC11:20_0': 0.0, 'x_BC11:20_f': 0.0, 'x_BC11:20_l': 0.0, 'x_BA12:25_0': 0.0, 'x_BA12:25_f': 0.0, 'x_BA12:25_l': 0.0, 'x_BC12:25_0': 0.0, 'x_BC12:25_f': 0.0, 'x_BC12:25_l': 0.0, 'x_CB12:35_0': 0.0, 'x_CB12:35_f': 0.0, 'x_CB12:35_l': 0.0, 'x_CA14:15_0': 26.468506723283898, 'x_CA14:15_f': 62.33333333333338, 'x_CA14:15_l': 0.0, 'x_CB14:15_0': 0.0, 'x_CB14:15_f': 0.0, 'x_CB14:15_l': 0.0, 'x_BA14:25_0': 0.0, 'x_BA14:25_f': 0.0, 'x_BA14:25_l': 0.0, 'x_BC14:25_0': 0.0, 'x_BC14:25_f': 0.0, 'x_BC14:25_l': 0.0, 'x_BA15:40_0': 28.722154075776942, 'x_BA15:40_f': 44.21775619965862, 'x_BA15:40_l': 23.724499266591753, 'x_BC15:40_0': 0.0, 'x_BC15:40_f': 0.0, 'x_BC15:40_l': 0.0, 'x_BC16:30_0': 0.0, 'x_BC16:30_f': 0.0, 'x_BC16:30_l': 0.0, 'x_CA16:55_0': 65.88759689922472, 'x_CA16:55_f': 62.33333333333324, 'x_CA16:55_l': 2.369153509820321e-13, 'x_CB17:40_0': 0.0, 'x_CB17:40_f': 0.0, 'x_CB17:40_l': 0.0, 'x_CA18:30_0': 61.6492248062016, 'x_CA18:30_f': 62.333333333333364, 'x_CA18:30_l': 0.0, 'x_CB18:30_0': 0.0, 'x_CB18:30_f': 0.0, 'x_CB18:30_l': 0.0, 'x_BA18:50_0': 0.0, 'x_BA18:50_f': 0.0, 'x_BA18:50_l': 0.0, 'x_BC19:05_0': 0.0, 'x_BC19:05_f': 0.0, 'x_BC19:05_l': 0.0, 'x_BA20:25_0': 0.0, 'x_BA20:25_f': 0.0, 'x_BA20:25_l': 0.0}","{'y_CA7:40': 0.9999999999999998, 'y_CA14:15': 1.0, 'y_BA15:40': 1.0, 'y_CA16:55': 0.9999999999999988, 'y_CA18:30': 1.0}","pt = ['CA7:40', 'CB7:40', 'BA9:05', 'BC9:05', 'BC11:20', 'BA12:25', 'BC12:25', 'CB12:35', 'CA14:15', 'CB14:15', 'BA14:25', 'BC14:25', 'BA15:40', 'BC15:40', 'BC16:30', 'CA16:55', 'CB17:40', 'CA18:30', 'CB18:30', 'BA18:50', 'BC19:05', 'BA20:25']
 avg_price_f = [1656.11, 1484.6, 1443.6, 1489.26, 873.59, 1479.64, 1520.65, 883.77, 1638.05, 1510.9, 1480.24, 1521.05, 1475.99, 1544.13, 907.06, 1665.33, 872.18, 1665.21, 1523.0, 1462.12, 875.17, 1462.84]
 avg_price_l = [476.24, 450.8, 424.67, 443.62, 269.24, 470.28, 596.44, 299.39, 531.5, 496.51, 470.65, 821.73, 444.2, 483.3, 268.12, 493.28, 265.62, 463.64, 443.91, 447.25, 282.71, 423.5]
 avg_pax_f = [141.71, 22.79, 148.93, 17.5, 133.14, 103.79, 36.0, 156.57, 91.64, 33.71, 133.0, 9.4, 144.71, 11.69, 92.36, 149.29, 127.36, 149.07, 13.57, 152.36, 137.14, 166.79]
 avg_pax_l= [17.0, 4.1, 17.21, 3.23, 14.5, 23.36, 3.79, 19.93, 17.86, 5.93, 28.93, 1.67, 22.71, 3.27, 6.36, 24.5, 13.71, 17.43, 3.38, 26.29, 17.57, 14.29]
 value_f_list = [2.16, 2.16, 1.864, 1.864, 1.864, 3.079, 3.079, 2.826, 2.826, 2.826, 3.079, 3.079, 3.079, 3.079, 3.079, 2.826, 2.826, 3.126, 3.126, 2.411, 2.411, 2.411]
 ratio_f_list = [0.97, 0.97, 0.9, 0.9, 0.9, 0.9, 0.9, 0.97, 0.97, 0.97, 0.9, 0.9, 0.9, 0.9, 0.9, 0.97, 0.97, 0.97, 0.97, 0.9, 0.9, 0.9]
 value_l_list = [1.127, 1.127, 1, 1, 1, 1.652, 1.652, 1.475, 1.475, 1.475, 1.652, 1.652, 1.652, 1.652, 1.652, 1.475, 1.475, 1.631, 1.631, 1.293, 1.293, 1.293]
 ratio_l_list = [0.97, 0.97, 0.9, 0.9, 0.9, 0.9, 0.9, 0.97, 0.97, 0.97, 0.9, 0.9, 0.9, 0.9, 0.9, 0.97, 0.97, 0.97, 0.97, 0.9, 0.9, 0.9]
 value_0_list = [1.2, 1.2, 2.0, 2.0, 2.0, 2.0, 2.0, 1.2, 1.2, 1.2, 2.0, 2.0, 2.0, 2.0, 2.0, 1.2, 1.2, 1.2, 1.2, 2.0, 2.0, 2.0]
 ratio_0_list = [1.72, 1.72, 3.7, 3.7, 3.7, 3.7, 3.7, 1.72, 1.72, 1.72, 3.7, 3.7, 3.7, 3.7, 3.7, 1.72, 1.72, 1.72, 1.72, 3.7, 3.7, 3.7]
 option_num = 5
 capacity_consum = 3"
